y_test,y_pred
0.6,1.1480343
2.0,1.9587914
0.71,0.5306788
0.0,0.3937888
1.7,1.796949
0.29,0.5788651
0.69,0.6321412
0.77,0.9233831
1.6,1.3470173
0.02,0.6480137
1.63,1.1039565
2.7,2.5998328
0.64,0.6442852
1.2,1.4866478
4.5,4.4755034
0.9,0.95995593
1.0,1.3915147
0.92,1.0499898
1.4,1.3853483
1.7,1.315894
1.62,1.4778413
1.36,1.1579423
1.04,0.9713382
0.56,0.9180059
0.5,1.0744232
0.6,0.88760173
3.2,3.215272
4.3,4.3784866
0.28,0.95345825
4.4,4.369441
4.1,4.306224
1.94,1.9447619
0.83,0.9909122
3.7,2.570346
4.8,4.366189
0.7,1.4189926
4.8,4.5279036
0.9,1.2801113
0.3,0.64285064
1.6,1.5306386
0.78,0.8364883
1.5,1.6429541
2.4,1.6665257
5.0,4.448698
0.8,1.1029611
4.3,4.472844
1.1,1.420383
2.9,2.5213082
2.4,2.152035
4.5,4.540472
5.9,4.517198
1.2,1.2415557
3.1,4.4384756
1.54,1.0573139
0.98,0.92648077
4.5,4.4397564
1.8,2.6032102
4.4,4.955296
2.1,2.5446723
0.2,0.54414624
1.3,1.656071
1.3,1.4853895
2.33,1.7446873
3.7,2.8210475
4.2,4.662608
5.0,4.5285034
4.6,4.3938956
0.36,0.70925856
1.3,1.3224174
1.41,1.7301457
1.9,1.8360784
0.63,0.78422254
1.29,0.9667383
0.0,0.44417056
1.4,2.6899865
0.44,0.7295504
0.7,0.7639042
1.51,1.8884624
1.7,1.4791309
2.0,2.3210368
4.9,4.3422294
0.16,0.7310802
1.2,0.86211425
0.78,1.0904071
0.9,1.5208691
0.81,1.0639628
2.05,1.9169493
1.4,1.4263448
2.7,2.1526954
5.0,4.577356
1.59,1.3975265
4.6,4.504207
2.2,2.3751388
0.5,0.5245263
0.81,1.1089245
2.65,0.8590176
3.0,2.9431112
4.6,4.231555
3.3,3.4692373
1.4,1.4774898
1.6,1.1120443
2.2,1.1671665
0.7,0.7138544
1.3,1.1253836
1.13,0.89340305
1.6,1.3583893
1.81,1.2412118
1.87,1.6331747
0.9,1.1099006
1.2,1.3396076
0.5,0.8018718
1.1,1.3505101
4.5,4.567021
1.14,0.8590176
1.75,0.56815004
4.4,4.4298544
4.8,4.6355405
0.9,0.48496145
1.46,1.5662937
0.84,1.0905015
3.3,2.325488
1.2,0.8736083
4.7,4.666538
1.4,1.9245743
2.01,1.3733737
0.56,0.73853886
1.6,1.3687494
0.46,0.71841025
1.9,1.8184704
1.22,1.5339478
0.8,1.3524901
0.6,0.8349174
2.5,1.5997556
4.7,4.703401
4.2,4.2468944
1.76,0.8020316
2.7,1.618201
1.37,1.3872876
4.4,4.494363
2.1,1.5221369
0.83,1.0614938
1.6,1.7716683
1.79,1.34772
0.24,0.70249486
1.38,0.99724615
1.6,1.479993
0.2,0.77468747
1.8,1.4097376
2.0,1.5062885
1.04,1.3690323
1.1,1.1723815
1.1,1.0922129
1.26,0.77623236
4.3,4.520522
2.0,2.4493976
1.3,1.6209555
0.8,1.1154584
2.0,1.2523828
1.4,1.4792496
1.4,1.5313799
1.1,1.5826955
2.0,2.0973496
1.3,1.7359481
4.1,4.4257154
1.7,0.42753303
4.2,4.452808
1.6,0.7076748
1.88,1.3930992
4.6,4.263015
1.1,1.2488936
0.6,0.6531741
1.58,0.7428779
0.67,0.7055318
4.1,4.2589426
1.5,1.6253934
0.5,0.74236655
3.3,2.9175136
2.56,1.7895756
1.6,1.0010302
1.5,1.3323405
5.7,4.4561954
2.0,1.5169004
1.87,1.9474607
2.28,0.9919768
3.2,2.949575
0.34,0.8672543
0.61,0.64550847
1.07,0.8145713
4.4,4.3991594
3.0,1.8752098
1.48,0.97571826
1.3,1.5565969
0.44,0.49768692
2.7,1.2810757
1.52,0.9434959
2.5,2.8205452
1.47,1.6561105
1.93,1.8006424
0.7,1.1086085
1.4,1.9501547
2.6,2.546462
0.3,0.5410353
1.25,1.3363713
0.22,0.85396725
1.7,2.9027412
1.5,1.2203677
2.3,1.4627552
1.1,1.2108955
0.88,0.88806576
0.3,0.5752278
1.8,1.2600727
0.52,0.73039216
0.53,0.7361546
4.0,4.45569
0.3,0.78877527
0.57,0.7535169
0.64,0.7910346
1.5,2.5394518
1.19,1.4138732
4.7,4.336897
4.6,4.683802
0.9,0.8349174
0.8,1.3571703
5.2,4.4632974
1.57,1.3517978
1.3,1.202649
0.31,0.80258304
4.9,4.588244
2.6,2.2712095
0.69,1.2305928
1.2,1.4342563
1.3,1.1194205
4.0,4.290957
2.8,2.828554
1.7,1.8837143
1.92,1.3625504
4.5,4.3844657
2.3,2.2134073
3.0,1.8369313
4.3,4.3872185
2.3,2.0872862
2.1,2.083219
0.2,0.37301707
1.18,1.1888213
4.4,4.3206735
4.0,4.442385
1.39,1.1606313
0.97,0.6737417
0.5,0.5386629
0.0,0.6707205
1.4,1.4866478
1.09,0.9756131
1.54,1.4429264
0.86,1.0053381
0.7,1.0485474
0.5,0.84591174
4.2,4.3764715
2.6,2.7152615
0.64,1.2674114
1.84,0.9262738
0.54,0.6824994
4.7,4.5381193
0.5,0.4576191
1.37,1.4813032
4.6,4.3987064
0.65,0.8758249
1.9,3.008546
4.0,4.3953776
1.64,1.5813514
1.1,1.3938569
3.5,3.215272
0.34,0.63387454
0.96,0.7642961
0.81,1.1100317
1.5,1.1600258
0.45,0.8604503
4.1,4.4470973
2.68,1.0394573
0.2,0.838605
1.77,1.9256243
4.6,4.4389987
0.77,0.5880869
1.1,1.2507074
4.4,4.5314345
1.6,1.1586508
1.4,1.7244532
4.0,4.590322
0.37,0.6531741
0.5,0.9518044
1.4,1.3655499
2.96,1.0608298
4.1,4.4519243
0.72,0.7927029
4.4,4.586133
4.2,4.3655324
3.1,3.215272
0.2,0.44305345
1.2,1.2792065
2.9,2.7883966
4.6,4.342027
0.82,1.0143923
1.58,1.2602574
1.2,1.312245
0.53,0.9611796
2.2,1.6993972
4.4,4.541087
4.4,4.4065137
4.1,4.2507772
1.4,1.4293963
0.65,0.99886185
4.3,4.5214076
1.0,0.81120193
0.9,0.535887
4.4,4.5236907
1.4,1.3195289
2.1,2.2241855
1.2,1.4026871
1.0,0.75834423
1.68,0.8927047
1.13,0.98480254
1.5,1.3811637
2.26,1.2836316
0.8,0.8287574
2.6,2.9759784
0.07,0.9767755
4.7,4.5431933
3.0,2.8322172
0.5,0.9210705
1.1,1.5450368
1.1,1.3646445
4.2,4.4927683
4.3,4.3256373
1.8,1.2380306
2.06,1.9907486
0.96,1.2585092
1.7,1.0729098
0.56,0.8352493
0.0,0.43973526
2.4,2.5178578
1.3,1.5188473
0.4,0.6736318
4.2,4.590322
2.5,2.8193655
1.9,1.5073762
2.6,2.8458922
0.95,1.0402975
4.4,5.1416135
1.19,1.1014345
1.54,1.4297898
2.2,1.6603321
4.4,4.68448
3.2,2.391383
1.29,1.5077783
1.9,1.5520653
0.83,1.2363453
1.3,1.4885156
1.4,1.4193864
1.35,1.3831493
1.53,1.7246851
2.2,2.2998343
0.93,0.9244077
2.4,0.762688
1.04,0.5790948
4.3,4.3437862
2.12,1.2379389
1.8,0.88080776
4.7,4.5733104
0.84,0.92906845
2.0,2.3749185
1.4,1.4124424
0.09,0.88442737
2.5,1.9826492
0.9,0.9784032
4.5,4.3986106
1.13,0.94799227
1.39,1.6334023
0.58,0.7879759
0.7,1.0174962
2.5,2.3336353
0.9,1.213304
1.1,1.1771152
4.6,4.6680593
1.8,1.6477765
1.15,1.1386999
4.8,4.3966684
0.7,1.3387785
4.5,4.355564
1.2,1.1723815
3.1,2.7682312
4.5,4.6593194
1.0,0.7371465
0.77,1.0429662
1.24,1.3788195
2.1,2.1768308
1.21,0.80039936
4.4,4.60185
0.3,0.5265003
2.6,2.2687469
1.4,0.9247125
2.1,2.1996658
1.1,1.414398
1.1,1.0937773
0.32,0.8315059
4.2,4.3504963
0.1,1.7164624
1.05,0.9713382
0.79,0.54228944
1.3,1.524545
1.23,0.87832385
1.2,1.7621036
1.5,1.2780474
1.9,2.0993423
4.4,4.339731
0.82,1.5225301
0.7,1.3842602
3.3,1.4519234
1.4,1.0761914
1.5,2.3668296
0.57,0.7401827
0.19,0.98052365
1.3,1.4296246
1.2,1.2090186
4.1,4.664554
0.2,0.53370064
1.8,1.5342885
1.5,1.3983936
4.7,2.3908024
0.26,0.74960566
2.1,2.4000154
0.69,0.944863
5.0,4.5882316
1.9,2.5332358
1.24,0.9955153
1.2,1.3911289
1.5,2.0090578
1.0,0.8349174
4.3,4.2753544
4.0,4.88678
4.1,4.2589426
1.5,1.0084659
2.2,2.4249766
0.55,0.69249165
1.31,1.3856316
4.3,4.5059104
1.3,0.7333526
0.8,1.3703307
1.79,1.9468354
1.0,1.0240854
1.4,1.4749702
1.46,1.8525246
1.61,1.0277501
1.8,2.28539
2.1,2.697981
1.17,1.3108581
0.5,0.58809054
3.1,2.7072523
4.6,4.5646963
0.5,0.69741154
2.9,2.8401752
0.8,0.54225045
0.4,0.7149717
4.2,4.3688216
0.9,1.1489974
1.1,1.566605
2.9,2.8963578
0.83,0.68460864
2.8,2.5915322
4.6,4.4694395
1.05,1.090753
4.0,4.233342
2.32,1.4139569
3.0,1.8196863
2.2,1.8138219
1.8,2.3210368
0.9,1.1347029
1.0,0.75834423
3.1,2.0772448
1.4,1.3150779
1.5,1.1902168
4.1,2.5781338
2.02,1.4113585
2.4,1.8816686
2.3,1.7866299
1.6,1.4376445
0.83,1.6585358
4.4,4.3824673
1.25,1.5872321
1.92,1.8149462
0.6,0.93520737
1.4,1.4557295
1.7,2.126746
0.88,1.134958
2.54,1.3698783
1.4,0.9996301
1.4,1.5926889
1.4,1.4664979
1.2,1.4749702
1.8,2.046018
2.2,2.2682083
1.46,1.595292
2.2,2.5650866
1.8,1.0281361
4.0,1.9717306
0.9,1.4615296
0.73,1.2598394
1.2,0.56954926
0.93,0.86552876
1.8,1.1360221
2.8,2.3210368
0.15,0.5309627
4.6,4.517096
4.3,4.596981
0.6,1.0429381
4.5,4.343223
0.7,0.8557341
1.16,1.0973264
0.28,0.8195799
0.59,0.5944729
2.5,1.498082
0.0,0.52536297
0.0,0.6536572
4.1,4.364254
1.0,1.406063
0.3,0.496241
1.7,1.3821092
2.7,3.1264715
1.0,0.99513894
4.3,4.468326
4.1,4.3489356
0.53,0.75178516
1.81,1.242709
1.11,1.3793385
4.3,4.5472617
0.84,0.9453372
1.4,1.454945
0.6,1.0144644
1.14,0.9868693
3.3,2.7945895
0.2,0.617944
1.4,1.746392
1.43,0.7285054
0.61,1.0955213
1.3,1.4303765
0.57,1.1513944
1.12,1.3217107
1.23,1.0656585
3.5,2.1488247
1.0,1.2884904
4.0,4.321538
1.5,1.6922376
4.2,4.328791
0.7,0.7193079
0.67,0.8923293
0.5,1.2146529
0.9,1.5644537
1.6,1.9102215
4.5,4.4963374
1.59,1.903605
1.46,1.4750367
0.8,0.6298654
0.9,1.437062
4.6,4.70451
0.06,0.8304492
1.7,1.5916865
1.04,1.1260761
1.1,0.98430943
0.59,0.93243617
1.6,1.7945929
1.8,2.256282
1.2,1.1219803
3.1,2.8234484
5.7,4.462154
1.75,0.6372537
2.5,1.7919416
4.2,4.3489423
1.8,1.5598961
0.9,1.1396302
1.6,1.6467416
3.0,3.0102012
2.7,2.9168744
0.3,0.8079657
1.7,1.931948
1.31,1.3023328
0.1,0.39581516
3.1,3.215272
1.4,1.3669405
0.2,0.7328886
0.95,1.3125676
1.0,1.4468501
0.8,0.4488616
1.1,1.2543247
2.3,2.0839238
0.72,0.6129683
2.8,2.952693
1.0,1.4418485
1.49,1.8370892
3.0,1.8215535
1.23,1.2602129
4.4,4.4388704
0.71,0.88200694
2.7,2.4118898
3.3,2.7133875
3.4,3.3730605
4.1,4.513372
1.8,2.0639224
1.5,1.7316606
0.64,0.81704277
4.4,4.43904
1.31,0.96533495
4.1,4.4407015
2.3,1.4471605
4.3,4.380959
4.6,4.302893
3.0,2.6671357
1.83,0.7033852
2.5,2.760893
4.8,4.508144
2.6,2.388004
0.45,0.7792308
2.5,2.9083018
1.61,0.99739116
1.3,1.4550619
1.8,1.6760161
2.4,1.9938397
4.4,4.318408
1.04,1.039962
1.4,1.5023336
1.4,1.3435743
1.63,1.6733043
0.36,0.79923403
0.9,0.9419525
1.34,0.7515699
0.4,0.7584049
2.4,2.4321306
1.12,0.9838262
1.4,1.6046469
0.19,0.7908885
1.03,0.6398749
2.6,2.738421
5.0,2.7247214
0.48,0.9840375
0.8,0.5827943
2.5,2.9046454
0.32,0.5300507
1.3,1.1819679
2.5,2.6895316
0.9,1.3240557
0.0,0.54248923
1.4,1.5048711
4.2,4.520522
0.94,0.6415023
2.3,2.1971736
2.88,1.8920028
1.6,1.0862248
0.99,0.7186956
1.2,1.1877313
0.76,0.5521942
0.4,0.65489376
1.36,1.3691638
0.9,0.9705234
1.52,1.0456228
1.2,1.1519397
0.85,1.0161686
4.3,4.448874
1.2,0.9703107
1.76,1.5413892
2.62,1.5389514
2.3,2.5291798
2.8,2.9364316
1.58,1.4153947
1.4,1.4751716
1.16,0.9161288
5.3,4.458217
1.89,1.9313775
4.2,4.3339887
1.25,1.238271
1.5,1.7536263
4.9,4.379816
0.86,1.1440487
0.1,0.5121327
0.4,0.55743587
4.9,4.389798
1.3,1.692424
0.36,0.5944729
1.1,1.3083557
1.2,1.1180091
3.3,3.4203632
0.22,0.8017519
4.3,2.5972078
1.8,1.9378463
0.9,1.1424747
2.8,2.3210368
0.49,0.87147814
2.2,1.1934273
1.0,1.0445408
1.4,1.2474358
2.9,2.10356
0.34,0.47249687
1.04,1.1007856
1.1,1.1201999
2.0,2.227605
1.07,1.5473406
0.52,1.111771
0.96,1.3240407
0.7,1.1103466
1.12,0.82256347
1.9,1.333353
0.8,1.0005171
1.3,1.4390885
4.3,4.4397564
1.4,1.3204511
0.67,0.6548438
3.37,2.3656068
0.71,1.0931194
0.63,1.0322628
0.8,1.1364881
1.36,0.57414055
2.8,2.1819932
4.5,4.345655
0.9,1.0908095
0.68,0.9938687
1.1,0.96885073
1.3,0.6203548
0.7,0.83339417
1.13,1.0128547
0.37,1.1510183
1.22,1.191458
1.0,1.4259661
1.18,1.3611519
1.29,1.5867988
0.75,1.06104
4.6,4.5790014
0.67,0.6741417
1.07,0.62402886
0.6,1.1683782
0.6,0.83987015
1.4,1.4201335
1.9,1.4683578
2.3,1.5787331
0.5,1.2589447
0.97,1.24887
1.06,0.98567
1.77,1.4134549
0.1,0.42380705
0.7,0.7317206
4.1,2.4573908
0.04,0.613411
4.2,4.430035
4.1,4.5523925
0.65,0.6835963
1.9,1.3093346
2.0,2.2626884
0.02,0.7836843
1.71,1.5245616
1.27,1.4601407
1.6,1.7373863
0.6,1.033212
1.7,1.4853129
0.76,1.5189873
1.82,1.6196309
1.19,1.1433983
1.22,1.4111944
1.18,0.6693987
1.0,1.2400274
1.3,1.3372651
1.0,1.5584364
0.58,0.79782915
2.5,2.787765
1.3,1.6640402
1.1,1.4043977
0.4,0.8509402
1.83,1.945453
1.59,1.893403
2.1,2.642408
0.7,1.4187973
0.43,0.9215047
2.1,2.4966104
2.0,2.1957042
1.25,1.3722978
1.3,1.4097321
4.3,4.7450347
0.76,1.2215565
1.63,1.33736
1.84,1.9255255
0.52,0.7908885
0.8,1.1071336
2.0,1.6080492
4.3,4.4208765
1.24,0.8616496
4.2,4.5472283
0.4,0.59365004
0.73,0.98085916
1.0,1.3155961
0.8,0.7946167
1.11,1.0577407
2.4,2.4440844
2.2,1.3861895
1.0,0.95267814
0.4,0.5856049
2.5,2.895849
2.0,1.3667341
0.39,0.86397076
2.8,2.7720933
1.1,1.3648113
1.28,0.7583927
1.1,1.4751854
1.18,0.62116647
4.8,5.010017
4.5,4.3630548
0.78,1.0495965
4.6,4.4071245
1.1,1.3784717
0.42,1.4700983
2.7,2.7657897
0.7,0.55979234
1.2,1.5614014
1.1,1.3478491
4.8,4.359105
1.13,1.1178509
4.0,2.7143142
4.8,4.613469
0.4,0.6577826
4.9,4.502359
1.2,1.5096722
1.6,1.5500722
0.71,1.0476612
4.6,4.3489976
2.7,2.7744417
0.94,1.3353792
4.5,4.452036
2.3,2.1530073
4.0,4.2526045
3.0,2.282144
0.92,1.320971
1.21,0.9138149
0.1,0.5662033
4.3,4.936453
4.4,4.3343406
0.88,1.2272075
1.7,1.9911276
4.2,4.325855
1.5,1.5109929
3.4,3.4583147
0.85,0.93106174
0.6,0.6573812
4.7,4.438115
0.6,0.5456261
1.97,1.4472198
1.9,1.5585146
1.52,1.812377
2.7,2.7098944
4.6,4.5587997
1.6,1.6018062
1.8,2.8991678
3.8,2.917888
1.0,1.1162691
1.03,1.0030955
1.07,1.0451853
1.52,1.2879018
4.4,4.766424
0.25,0.7636149
0.7,0.6750875
0.48,0.930757
0.0,0.37301707
1.68,1.3379998
0.36,0.66670734
0.33,0.49261183
2.1,2.201807
1.8,2.1276243
2.14,1.7744892
1.4,2.0921512
4.3,4.5201526
0.3,0.45020288
1.46,1.3190676
2.8,2.5422451
4.0,4.682858
1.4,1.2066857
4.2,4.3702593
0.59,0.89037234
0.91,1.2014248
0.68,1.1622092
1.8,0.8710028
1.8,1.3094712
0.98,1.33736
1.23,1.5439485
4.1,4.411403
1.5,1.3707126
4.9,4.469807
1.5,1.4208158
2.8,2.7542584
1.8,1.8012875
1.49,0.83357525
1.4,1.9777508
1.56,1.9172852
0.85,1.2443537
0.99,0.7851464
4.7,4.5905495
2.8,1.3396124
0.69,0.9421974
0.2,0.45251635
0.8,0.8711481
4.4,4.476008
4.0,4.3377876
2.3,1.407534
2.4,1.8231997
1.9,1.9792202
0.24,0.6129683
1.77,1.3848386
0.1,0.5379455
1.91,1.6196309
3.77,1.7135338
0.93,1.0986632
0.85,1.1372862
1.5,1.5621606
0.7,0.6613951
1.6,1.8854816
1.6,1.4123076
1.73,1.0326273
1.54,1.4633263
0.34,0.6668238
0.9,0.8120543
4.7,4.5431933
0.38,1.0270638
1.73,1.238804
1.98,1.5874848
0.3,0.554556
1.32,1.2117785
0.9,0.91795075
2.5,1.4425876
5.3,4.590322
3.9,4.3275375
4.0,4.4694395
3.0,1.4181981
3.5,2.7601492
2.3,2.5020902
1.2,1.4503129
2.0,1.479653
0.7,0.9676322
1.41,1.2132305
1.64,0.7925505
4.6,4.4873743
1.7,1.8901532
4.6,4.6516747
0.53,0.86325306
2.0,2.1428666
3.2,2.7198997
1.2,1.3404771
1.0,1.033319
1.0,1.6035801
1.8,0.6875954
2.6,2.7839587
1.0,1.4107788
1.8,1.5881565
1.14,1.2714945
1.0,0.5165286
1.31,1.0986737
1.4,1.4057717
0.48,0.9217762
3.0,2.7517385
2.9,1.9324111
1.4,1.3271021
4.4,4.3092537
2.5,2.7972822
1.4,1.3897696
0.9,1.0512153
1.7,1.3776343
4.3,4.664554
1.5,1.4104152
1.6,0.7011794
2.02,2.15724
0.26,0.99819434
2.7,1.0214119
0.9,0.8704756
0.5,0.8018718
2.1,1.4264046
0.56,0.92282414
4.3,4.4632974
1.04,1.1689601
2.6,1.6155269
0.7,0.8565098
0.4,0.6590228
1.2,1.5404149
2.0,2.420354
2.41,0.8866084
2.8,2.6045952
3.2,3.4692373
1.09,1.2121979
0.96,0.59725475
4.3,4.7238417
0.5,0.91813326
0.69,0.8788407
0.24,0.8004981
1.4,1.5109901
1.91,1.3924509
0.97,0.62999254
4.3,4.4651184
0.4,0.5247429
0.6,1.2320853
4.4,4.5454245
1.44,1.7185836
1.53,2.0686185
0.81,0.9810844
1.13,1.0652957
4.7,4.404587
1.3,1.524214
1.1,1.1332841
3.9,4.272507
1.1,1.4243053
0.43,0.5309627
0.3,0.6733282
0.79,0.82570434
0.98,0.78113806
2.81,1.484665
1.47,1.066663
2.1,2.0675588
1.0,1.1723815
4.8,4.317377
0.42,0.48485693
1.8,2.3079836
0.38,0.74516374
1.5,1.399893
4.9,4.2569084
2.4,2.6383417
1.2,1.5095675
2.7,2.1049519
1.1,1.4277822
0.0,0.58036906
1.8,2.3458421
0.89,0.87713253
0.76,0.8984498
1.3,1.7378318
1.0,1.1439981
4.2,4.4068723
0.64,1.191458
2.8,2.2458127
1.0,1.2839404
0.57,0.91437525
1.04,1.0040816
1.5,1.1336337
2.7,2.6482885
1.5,1.5137223
1.74,1.8738286
4.6,4.4632974
0.88,1.0359608
0.1,0.4887761
3.1,5.14834
0.8,0.6946893
0.33,0.5931811
0.1,0.5729121
1.4,1.3224012
1.78,1.4727312
0.8,0.99358505
2.3,1.29496
4.3,4.5094614
0.44,0.6455478
2.4,2.3427343
1.6,1.6384497
1.7,1.5167085
1.4,1.7908626
0.36,0.543388
0.77,0.9644155
1.39,1.8884624
1.7,2.0562446
4.5,4.369441
0.2,0.584916
0.5,0.4333471
0.71,0.6943574
0.81,0.89298403
0.6,0.7661526
2.1,1.9943367
0.49,1.0075313
1.2,1.3199431
2.6,2.7188475
1.1,0.99723685
1.24,1.057896
0.62,0.9486359
2.8,3.2137434
1.4,1.3522257
2.12,0.8939506
0.83,0.55345386
0.4,1.0824068
2.8,1.9638993
1.8,2.6259305
4.3,4.271434
1.0,1.3148715
0.84,1.3525131
0.82,0.90278953
1.4,1.4370273
1.1,1.0257721
4.7,4.496838
1.8,1.3860664
1.04,0.9849249
1.71,1.2612121
5.2,4.44832
0.53,0.70457655
1.9,1.5196452
1.56,0.70201576
0.44,0.97452253
3.9,2.6457605
1.7,1.0048733
1.3,1.2208818
1.36,1.1699568
2.7,1.7001191
1.51,1.0386341
4.6,4.5139
1.5,2.3571484
2.8,2.7821963
4.5,4.4958234
1.1,1.2210287
0.2,0.63755584
2.1,1.5590119
1.4,1.643566
1.2,1.3928806
1.1,1.3130132
1.2,1.3325511
1.58,1.4143348
1.3,1.4534491
1.84,1.3510538
4.9,4.54509
0.83,0.9038246
0.88,0.82700455
1.71,1.5060436
0.69,0.89641964
1.5,1.7299494
1.9,1.4648339
1.1,1.0535948
2.7,2.0783355
0.5,1.0190129
2.2,2.3995392
1.3,1.3360888
1.5,1.4776558
1.7,1.6810806
1.3,1.2742871
5.3,4.4541693
1.49,0.8736114
2.4,1.1201999
0.83,1.5090735
1.8,2.066493
1.8,2.109574
0.48,0.8064602
2.46,1.0732263
0.8,0.69489217
1.8,1.6762632
0.72,1.3048009
4.3,4.4694395
1.83,1.8522853
1.29,1.0120959
1.2,1.5167085
0.9,1.0374392
2.5,2.703064
0.54,1.1380272
3.1,3.1231012
5.3,4.8670316
2.7,2.8581467
1.8,1.7715565
2.8,2.0089254
1.53,1.1312184
2.5,2.7779717
0.9,1.1395566
0.8,1.1723815
1.33,1.0615467
0.47,0.6655931
2.0,1.6047893
1.2,1.1194205
1.1,0.7426108
0.8,0.5630601
2.6,2.089823
2.9,2.2021055
2.7,2.0603478
0.29,0.65305614
1.1,0.8199327
0.1,0.70524544
5.9,4.4098825
0.64,0.8344898
0.8,0.9131621
0.09,0.7851464
1.08,1.0316306
4.8,4.467052
0.85,1.3741434
0.9,1.1091127
4.6,4.7171655
1.2,1.1758627
0.8,1.4263448
1.3,1.3328046
2.4,2.3322752
3.1,1.6285486
2.5,1.5789459
4.4,4.341128
1.52,1.8149462
2.2,1.6994582
2.6,1.4660379
0.1,0.5057817
0.3,0.74236655
2.3,0.7041115
0.32,0.8632501
1.3,1.3906997
1.2,1.1672584
2.11,1.0374837
2.0,2.2134073
0.82,1.0127329
4.5,4.517198
1.62,1.9816102
1.5,1.4060063
1.3,1.1585183
4.5,4.4350185
2.3,2.143081
1.3,1.6047893
4.1,4.387693
1.9,1.5440985
1.89,0.90875566
4.0,1.5776957
1.0,0.8462184
0.6,0.4333471
1.7,1.7583263
1.9,1.868684
1.32,1.3849294
4.9,4.549376
1.8,1.3260611
1.2,1.1646425
0.5,1.2072558
0.9,1.0821345
0.4,0.7443384
2.6,2.9083018
1.77,1.4517791
1.9,1.2746166
0.3,0.77656305
0.98,0.45099705
3.4,2.0022695
0.56,1.247953
0.75,1.2491037
0.1,0.423777
1.1,1.3607259
3.0,1.4160267
0.9,0.9855128
2.1,2.3566973
1.3,1.4172142
0.8,0.8495957
1.3,1.1804299
1.8,2.2735574
1.3,1.6252595
4.2,4.3127713
1.38,1.4316303
4.5,3.064614
1.61,0.738695
0.39,0.77371436
4.6,4.664554
1.1,1.3606135
0.85,1.2214168
0.55,0.83364105
1.13,1.0675842
0.8,1.2273262
3.6,2.4380558
0.77,1.0410906
2.7,1.9650018
1.16,1.0913043
1.7,1.3618569
1.6,1.479653
1.1,1.0744232
2.0,1.7352328
0.3,0.65273964
1.8,1.4071447
0.9,1.3459862
2.6,2.5520697
1.24,1.6472884
3.1,2.9529846
2.4,2.35209
1.8,1.3498747
0.6,0.529864
2.41,2.2562222
2.11,1.3123987
2.8,2.7809584
1.1,0.92672443
1.15,0.9810844
1.4,1.3322738
0.4,0.78255546
1.1,1.2316344
4.1,4.420203
0.59,0.8226963
1.4,1.6046469
1.37,0.95964575
1.4,1.03157
4.3,4.3140974
1.3,0.96445733
1.57,0.79865605
3.87,1.7879622
1.1,0.64285064
1.6,1.3657042
1.02,0.8357381
0.6,0.6203548
1.5,2.1589143
0.51,0.8086521
1.5,1.920961
0.51,1.1868713
1.6,2.2129653
1.13,1.4595962
1.2,0.8816897
2.1,2.5177352
1.6,1.4224062
4.3,4.5549707
1.6,1.2695506
3.1,3.3559575
1.8,1.8955519
1.48,1.203849
1.16,0.91340196
0.8,1.5561692
4.3,4.369441
2.9,1.9119176
3.1,2.9129298
1.2,1.1507957
2.6,2.673344
1.5,1.4131904
2.02,1.4627457
1.05,0.79190916
0.0,0.45772296
2.4,1.9244376
1.1,1.142752
2.8,2.5912807
1.1,1.3838273
1.2,1.2674428
1.94,0.77558446
0.81,1.2014903
1.3,1.4702889
0.9,1.1788174
0.45,0.65489376
3.2,2.890543
1.2,1.407572
4.2,4.451646
4.0,4.2942114
2.2,1.1483194
2.8,2.6104958
2.01,1.9172852
2.4,2.6745048
0.92,1.0722029
1.58,1.1367041
4.3,4.300085
1.4,1.6628058
2.3,2.1461194
0.55,0.6734573
3.2,2.7432485
0.8,1.1263862
2.7,2.8149052
0.99,1.2210287
0.9,0.8660212
2.1,2.2162528
4.7,4.516793
0.8,0.9832433
1.1,1.5280597
0.3,0.74661076
5.0,4.3395653
0.98,1.4098784
0.8,1.1811473
2.6,1.884324
2.5,1.1886393
0.54,1.1448712
1.6,1.9074739
0.3,0.43787304
2.7,2.7409482
1.7,1.6957173
0.1,0.64727604
1.65,1.434252
0.28,0.56612104
1.4,1.2864484
1.55,2.225581
4.4,4.3339047
4.2,4.3377876
0.32,0.64434373
1.9,2.1191344
0.98,0.9899477
0.7,0.6284909
1.03,1.0103163
4.3,4.420772
1.6,1.2391748
1.7,1.5193189
2.6,2.7777514
1.1,1.2935586
0.5,0.82395196
1.2,1.1961733
1.7,1.993112
1.66,1.6271187
0.74,1.1960281
2.8,2.7443304
1.49,1.2489303
0.49,0.698175
0.88,0.7832767
1.98,2.3854215
4.7,4.384023
4.4,4.509187
1.2,1.634394
1.3,1.4300168
1.64,1.3183354
1.0,1.3734691
5.6,4.8670316
0.18,1.15139
0.83,0.76164633
1.9,1.6694233
1.6,1.6441603
2.02,1.4479047
1.43,1.154337
1.12,1.3789175
4.1,4.1752086
4.7,4.3503637
2.3,1.333716
4.1,4.449017
1.1,1.6823405
2.2,1.6817608
4.8,4.679455
1.6,1.3475802
0.89,1.3141826
0.7,0.41887933
1.56,1.880633
4.8,4.545346
1.03,0.9131124
0.1,0.5647463
0.7,1.1657931
1.3,1.4271462
0.35,0.94140065
0.64,1.1192169
1.2,1.2979264
1.6,1.7139176
1.72,1.3233498
2.08,1.3924509
1.0,0.8995889
4.6,4.4822598
2.6,2.7579331
1.0,1.0320042
0.56,0.90168023
0.9,1.2989956
2.0,1.3803933
1.36,0.9231513
1.92,1.2169657
2.14,1.1934955
2.6,2.3908024
2.34,1.0161686
0.42,0.6353801
0.99,1.4001527
1.11,0.9852539
0.87,1.0859056
1.9,1.4638447
0.52,0.89082867
0.5,1.4424442
1.05,1.163284
1.6,1.5040402
2.6,2.874344
1.9,1.1274713
0.67,1.0739472
1.9,1.7725631
6.0,4.4294624
1.9,2.1049519
4.1,3.2122478
4.2,4.376921
1.8,1.8739994
1.0,1.7630098
2.2,1.7881131
1.1,1.1106791
2.1,1.9972777
2.5,2.7322752
0.79,1.3909138
0.58,0.97452253
1.79,1.9641801
0.77,1.1265823
1.8,2.5404394
1.4,1.7012788
0.78,1.0036094
4.9,4.590322
0.79,1.6197546
3.4,3.4387507
2.44,2.9400015
1.3,1.5027791
0.7,1.142752
1.88,2.2399626
0.99,0.66216886
1.4,1.5633347
0.76,0.9325148
0.92,1.032441
2.5,2.3398151
0.47,0.8590176
4.5,4.429077
0.29,0.7278646
0.19,0.9049045
1.3,1.3575513
1.07,0.975094
0.59,0.8107382
3.9,4.2398767
1.4,1.5142548
1.3,1.1723815
1.07,1.1938273
4.2,4.3495345
2.68,2.0180619
5.0,4.5344086
0.2,0.45020288
2.36,1.3577644
4.9,4.8670316
0.98,1.2159622
1.2,1.4924002
1.8,1.5193189
4.4,4.3963304
3.3,2.8851116
1.3,1.5614014
5.0,4.3950973
1.5,1.6634353
2.8,2.1823654
0.8,1.0026755
4.1,4.294871
2.6,2.7451625
2.2,2.622038
4.2,4.430739
1.1,0.58358914
2.2,2.7566195
1.3,1.3811637
2.5,2.0707955
0.1,0.6505582
0.4,0.9864585
1.4,1.4899473
1.6,1.4511403
0.66,0.676966
1.34,1.1642272
0.42,0.7752538
2.1,2.067346
1.12,1.138452
4.0,4.3710046
1.5,1.0044065
1.57,1.226786
4.3,4.3963304
0.32,0.99131346
2.0,2.18493
1.09,1.1334214
2.99,0.9310479
1.2,0.88080776
0.84,0.7315515
4.3,4.6111097
1.4,1.4534491
2.1,1.8000171
1.8,1.6656204
0.6,0.6505582
1.3,1.4555697
0.7,1.3858396
1.95,1.7694868
0.51,0.62916565
3.4,2.239325
1.1,1.4982797
2.49,1.262538
0.9,1.1890632
0.6,1.7644726
0.2,0.5004896
1.76,1.2843808
0.1,0.590332
0.9,1.3738513
1.17,1.1137038
0.91,1.3869505
1.13,0.5072087
1.1,1.6866946
1.09,1.6062635
2.4,2.1709013
4.6,4.286217
1.26,0.9400752
4.3,4.590322
0.93,1.1771259
2.82,1.3594046
1.4,1.7421864
4.5,4.507182
1.81,2.0223384
0.7,1.1402016
0.2,0.53217864
1.9,1.9810158
0.1,0.6475354
1.51,1.4275899
4.0,4.2195196
1.3,1.1468315
2.0,1.6320581
4.2,4.683263
0.42,0.7434833
1.56,1.4012644
0.47,0.5198599
0.5,1.1592674
0.32,0.6179303
3.19,2.8310163
0.69,0.99706095
1.14,1.2337099
6.7,4.578732
2.4,2.2296782
0.55,1.0577615
4.7,4.2589426
2.6,1.483039
4.3,4.520037
1.6,1.5488471
2.6,2.3577676
0.87,1.2033733
0.95,1.0989778
0.5,0.7783711
1.55,1.3879942
0.7,0.81946135
2.6,2.7457476
1.36,1.758116
4.2,4.4389987
0.62,0.7874529
1.51,1.5296993
1.29,1.3467523
1.2,1.4705945
1.6,1.2446691
0.5,0.52332705
4.4,4.39467
3.8,3.4583147
4.6,4.576268
1.8,0.73210573
1.7,1.8057736
0.93,0.9835619
0.9,0.9463906
4.0,4.508493
1.1,1.1723815
4.4,4.484205
1.45,1.4638207
1.1,1.3182677
1.2,1.3161023
0.8,0.6434496
1.87,0.82460743
1.4,1.5629728
2.05,1.5920336
4.3,4.3718476
1.41,1.9044073
0.9,0.82372665
1.4,1.4350431
2.1,2.425686
4.5,4.292686
0.4,1.0502437
4.2,1.7661016
0.99,1.1055825
3.4,3.424734
1.13,1.1112808
4.3,4.333499
1.1,1.0488602
1.3,1.5808513
1.53,1.3489507
1.64,1.8118492
3.0,2.677107
1.9,2.050659
0.87,1.1868713
2.9,2.1721158
1.43,1.7523353
0.99,1.3084261
3.9,4.5358367
2.43,1.0117989
0.9,1.1117861
1.03,1.1377801
2.2,1.5388978
0.38,0.6716341
1.03,0.7315515
1.3,1.4789684
1.6,1.4702889
4.1,4.5376954
3.5,3.083832
6.2,4.28637
6.1,4.8878574
0.19,0.77307963
0.26,0.6129683
1.08,1.2075946
2.6,2.759725
0.8,0.92504454
0.3,0.5400802
4.3,4.4945436
4.4,4.4281783
1.3,1.3811637
2.5,2.8318768
4.1,4.367423
1.66,0.9097857
3.8,2.024468
2.15,2.079242
2.9,2.2744808
1.39,1.1992158
1.5,2.3190978
1.3,1.422688
0.76,1.0476612
0.91,1.0394573
4.5,4.4586544
1.27,1.2927773
0.77,1.3421639
4.5,4.533701
1.3,1.6377561
4.4,4.3486586
1.3,1.496272
1.31,1.3577663
2.4,1.9739532
5.5,4.7467527
0.8,1.1620971
0.48,0.8231094
1.1,1.6950222
0.2,0.56991595
1.63,1.0788405
0.8,0.72669166
0.83,0.95962584
0.9,1.1056179
1.8,1.8447553
1.4,0.9714315
0.18,0.7802191
2.5,2.2952998
4.4,4.436677
4.5,4.5285034
1.18,1.0003201
4.1,4.5436254
0.5,0.58036906
2.5,2.5719202
4.2,4.3089504
1.35,1.0377307
1.7,1.3444114
1.4,1.4855653
2.42,1.3884078
0.66,0.6543503
2.0,1.9811417
1.2,1.4024444
4.6,4.555543
2.5,2.9246674
0.69,1.1177365
0.89,0.68172556
1.9,1.3322738
0.3,0.6169744
1.9,3.1839926
1.2,1.379294
1.05,0.652584
0.3,0.3937888
1.3,1.509789
1.07,1.4008937
0.75,1.0604522
0.6,1.1235093
1.7,1.4015703
2.87,1.360421
1.8,2.6519394
1.1,1.2523481
0.0,0.44542915
4.7,2.2741463
0.1,0.7647912
0.7,0.7293266
1.6,1.9101913
2.5,1.4264426
1.3,1.4217721
1.2,1.0391005
1.1,1.5315262
0.56,0.9326044
1.7,2.4851518
3.4,2.8353577
1.4,1.360769
0.88,1.2759757
1.17,1.2089854
0.5,0.43890303
1.3,0.6648513
5.0,4.5348573
1.7,1.7894764
0.43,0.8659661
4.4,4.766424
0.79,1.0161686
1.04,0.94302875
0.83,1.4191407
2.6,2.8359656
2.3,2.425686
2.03,1.2367114
5.1,2.8132138
0.2,0.77868104
3.1,2.7601492
0.2,0.5709474
0.55,0.87960297
4.3,4.430739
1.0,1.1846119
2.22,1.4527435
2.0,1.649991
0.4,0.5640182
2.2,1.7908626
0.8,0.9094114
1.65,0.9905859
1.7,1.362076
2.2,2.8133962
0.6,1.1219803
0.52,0.7315515
0.84,0.9787675
1.5,1.4191704
1.56,1.9540223
0.54,0.9716799
4.6,4.5461073
0.01,0.6476294
1.25,0.99455446
1.4,1.494522
0.2,0.41799036
4.3,4.433442
0.4,0.35605115
0.43,0.94729036
1.35,0.99671435
1.4,1.3557094
2.5,1.496145
1.4,0.9651127
1.87,1.7856454
1.26,1.0161686
2.0,2.0956707
0.87,0.87354904
0.9,1.1698653
1.1,0.8742257
2.2,1.6095504
1.1,1.3707126
0.38,0.6124389
4.5,4.517198
2.1,2.5487583
2.3,2.54554
4.8,4.4461026
1.42,1.484665
0.8,0.74894005
1.9,1.9726646
2.3,1.0007855
1.1,1.3677427
1.54,0.8082282
0.03,0.7822553
1.9,2.2050967
1.32,1.384197
1.3,2.0917225
1.6,2.0195158
2.2,1.9714086
1.93,1.5748203
0.91,0.7925505
1.6,1.6841116
2.2,2.0459337
0.2,0.77139676
0.0,0.5020592
4.3,4.3308663
1.04,1.4338187
2.47,1.6763566
1.92,1.4301167
4.7,4.5925155
2.4,2.7098944
0.28,0.9608133
2.2,2.3064363
0.7,1.1697928
0.8,0.42694637
4.2,4.256264
1.4,0.7781208
1.4,1.8748127
4.5,4.902888
0.74,1.0208739
1.2,1.6362338
0.83,0.81704277
1.48,1.6111432
0.76,1.2013266
1.4,1.4227148
1.9,1.8108076
1.3,1.2223063
1.23,1.2302501
1.55,1.8598348
1.3,1.0989871
1.6,1.149387
4.7,4.2589426
2.7,2.4040396
1.2,1.162122
1.3,2.144443
0.81,1.1849494
0.76,1.1441928
3.0,2.5998762
1.2,1.4264581
0.9,0.76451063
0.0,0.56927496
1.8,2.3566973
1.37,1.602246
0.32,0.7851464
1.6,1.2624778
3.0,2.9342327
1.5,0.82760906
0.8,0.46744466
0.73,1.0658
1.4,1.0487018
2.7,1.8752098
2.45,1.6552525
0.43,0.56450576
1.52,1.0010271
1.7,1.7280222
1.3,0.8050709
4.1,4.447471
1.57,1.9597005
3.0,2.889124
1.0,1.0756495
0.41,1.0354022
1.27,1.2803868
4.5,4.5345616
3.2,2.899924
1.4,1.1749159
1.6,2.0917225
0.61,0.9126404
1.2,1.1749159
4.1,4.599582
2.5,3.0029068
0.93,1.1173093
5.4,4.401032
1.3,1.4831821
1.95,1.8767949
4.7,4.234142
0.8,1.0083545
1.0,1.4065099
1.9,1.5284487
0.94,0.8616496
1.02,1.6197987
2.8,2.9078503
3.1,1.6756423
0.47,0.78981066
0.08,0.6071017
0.83,1.0211468
1.07,0.9918513
1.72,1.7724322
0.6,0.5618214
0.7,1.0348766
1.8,1.3592676
4.4,4.759934
1.14,1.5524387
0.98,0.9768496
5.2,4.594512
1.05,0.9990354
1.9,1.1830854
3.91,1.6804088
0.9,1.6861019
1.8,1.6524996
2.6,2.7909906
2.6,2.4369473
1.1,0.88009423
1.3,1.0473133
3.0,2.9066346
0.2,1.1096234
1.6,1.7277349
1.4,1.9235387
4.4,2.7601492
1.4,1.5016059
1.2,1.3934599
1.3,1.1219803
3.9,3.169058
1.6,1.8280703
4.2,4.360224
2.5,2.8402543
1.3,1.4008435
1.26,1.4805942
1.1,1.1723815
0.45,0.90875566
4.0,4.4930215
1.2,0.7895883
2.3,2.1851969
0.9,1.1883156
1.3,1.3677427
3.4,1.9564422
4.4,4.7233577
4.3,4.3545256
1.02,0.69855976
0.63,0.67916846
1.7,1.61848
1.78,1.8738766
1.01,1.3662128
1.88,1.5221207
2.2,1.2363453
0.07,0.8568484
2.5,2.8402543
2.6,1.9457449
1.14,1.3848386
1.84,1.5911273
1.3,1.8441664
2.0,1.8865896
1.55,1.2647545
0.46,1.0237398
1.4,1.1625267
5.9,4.449439
1.18,1.2864326
1.2,1.522207
4.2,4.450923
1.0,1.1776288
1.06,1.1747438
3.9,4.496441
2.46,0.9776516
4.5,4.4336333
1.66,1.396269
1.0,1.3806114
1.8,1.4504675
1.11,0.8146918
1.16,1.1724377
2.3,2.0204864
5.3,4.560723
1.6,1.5447788
1.39,0.7310802
1.2,1.5083874
1.0,0.92231745
0.97,1.0606027
4.9,4.5431056
0.49,1.0362142
1.79,1.6670718
0.82,1.1012114
0.3,1.2464155
4.1,2.6513898
1.7,1.73984
1.2,1.4941353
0.4,0.81729084
1.0,1.0729122
4.2,4.3101544
2.4,2.8187826
0.67,0.9163233
1.02,1.5958
1.23,1.6245761
0.7,0.7260851
5.4,4.4089475
1.49,1.7301457
5.1,4.359596
0.74,1.0777938
2.1,2.030062
0.9,1.5234959
0.49,0.90875566
1.7,1.6472727
4.4,4.3503637
0.8,1.0110759
1.1,0.8291082
1.24,1.2787744
2.8,1.6921289
4.4,4.924148
1.56,1.5467185
0.8,0.73255545
1.8,1.9725181
1.78,1.1852496
1.75,1.849065
0.97,1.2660123
2.9,2.1099112
2.6,2.4335191
0.57,0.9349303
1.7,1.4111944
4.5,4.6180573
0.4,0.91722
0.56,0.83735436
1.2,1.1897112
1.9,1.7781818
0.8,1.6738329
1.6,1.9302604
1.6,1.4913678
0.69,0.9665719
0.54,1.0915582
1.2,1.2817141
4.3,4.5903754
1.3,1.5743456
1.3,1.3386251
0.15,0.576248
4.8,3.3823142
0.2,0.45270738
1.17,1.0020981
0.69,0.7858223
2.0,2.0562446
1.16,0.6071017
1.7,1.6181798
4.4,4.4238067
2.02,1.9801502
0.6,1.1047215
1.9,2.3730867
1.56,1.761689
0.9,1.6802102
1.12,1.2960942
1.45,2.0839255
2.3,1.3550104
0.9,1.5127503
1.1,1.5844481
1.0,1.2359734
0.19,0.58094376
0.68,0.8051801
1.6,1.9397811
2.08,1.4658822
1.23,1.555981
1.03,1.0173645
1.6,1.3094474
1.9,1.9622852
4.8,4.631647
4.8,4.6253357
1.0,1.1872185
0.2,0.5930002
3.3,2.7829475
0.5,0.39585772
1.1,1.5141264
1.36,1.5061907
1.6,1.8187383
1.4,1.5095675
0.87,1.0769347
1.4,1.340445
3.7,2.8092933
1.3,1.273434
1.37,1.270428
1.0,1.7144265
1.0,0.941619
1.0,1.161328
1.71,1.2560335
2.0,1.6717901
1.72,1.9223365
1.2,1.4400278
0.8,1.6074258
1.1,1.134958
1.81,1.1071512
0.98,0.78432274
1.0,0.6684108
1.2,1.1723815
1.6,1.6576947
0.3,0.7129531
0.62,1.2135183
2.9,2.9300358
2.43,0.95448923
1.5,1.5706558
1.0,1.1713009
4.1,4.590322
3.3,3.148756
4.3,4.3503637
2.3,1.8122599
0.53,0.88758284
1.8,2.1912143
0.85,0.62980306
0.29,0.67378026
1.27,0.9680829
2.04,2.041703
0.6,0.6752042
1.25,1.8299619
2.7,2.9243257
3.1,2.9741573
4.3,4.528562
0.42,0.9960774
5.0,4.5214076
1.3,0.8349174
1.1,1.624275
0.55,0.8542556
0.1,0.5769717
1.65,1.1918352
0.7,0.7693668
0.29,0.4279879
3.9,4.402703
2.5,1.9968156
0.96,0.6129683
1.5,1.4440608
1.1,1.3152432
0.1,0.48261428
5.3,4.4609413
4.0,4.342799
1.5,1.3664423
0.63,0.9744473
1.6,1.5079207
0.91,0.940784
4.3,4.432136
1.86,2.0032964
4.1,4.5359764
0.7,0.86765903
1.2,1.454945
2.8,2.934393
2.9,2.1714609
4.7,4.852642
0.9,1.2568039
3.9,4.477468
2.0,1.9495307
0.5,0.6528684
2.26,1.3909271
4.9,4.3356113
4.0,4.4632974
0.81,0.9013407
3.2,2.7455313
4.1,4.554067
0.49,0.9909773
4.2,4.319916
3.2,2.9051175
1.5,1.6955838
1.3,1.7026571
2.4,1.765014
1.39,1.4072486
4.8,4.3142457
0.4,0.8491344
1.2,1.4208355
1.4,1.4299691
1.0,1.2524059
1.13,1.0601362
0.93,0.61058414
1.4,1.4764625
1.21,1.2137582
3.0,3.044795
3.4,2.0600054
1.5,1.5607243
1.1,1.3356023
1.54,1.4466501
0.34,0.6480137
1.36,1.0372366
2.36,1.1004273
1.1,1.3869014
4.6,4.3795033
0.66,0.8357418
0.5,1.2097526
2.6,2.839892
1.9,1.7392341
1.1,1.4997189
0.86,1.3648106
4.1,4.3993406
0.53,1.2421352
1.6,1.9435587
2.1,1.5565969
1.37,0.9803933
1.3,1.4024444
0.83,1.153939
1.13,0.8987197
0.3,0.78431004
1.6,1.6922376
1.1,1.628853
0.99,1.1046522
1.8,1.333353
0.9,1.0637591
0.9,1.0374392
0.56,0.76856995
0.28,0.74044186
0.33,0.53370064
2.0,1.3540149
2.0,1.7055455
0.41,1.0448393
1.5,2.083219
1.8,2.0341914
1.6,1.3732466
1.23,1.2542653
4.6,4.531264
0.93,0.94912106
2.7,3.0080483
2.4,2.9300358
1.6,1.4457206
1.4,1.340938
3.2,1.9130396
1.3,1.3601599
2.05,2.7830272
0.96,0.4078039
1.7,1.9252402
1.3,0.46406174
2.2,1.9558258
3.3,2.8148189
1.6,1.8263601
4.3,4.3856926
0.85,0.8936919
0.8,0.7914118
5.1,4.476008
0.3,0.52291197
0.3,0.54225045
0.1,0.5002798
1.0,1.0120959
2.5,1.9618641
1.67,1.9638993
6.0,3.0382078
0.92,0.8986143
2.9,2.3210368
1.58,1.9826307
2.1,1.7172828
1.3,0.7295504
4.7,4.517198
2.03,2.059142
1.4,1.2353065
0.7,0.53571963
0.57,0.6843911
0.63,0.75908285
1.3,1.5633063
0.35,1.0389335
0.8,1.0267333
1.01,1.0777938
0.6,0.65472895
1.51,1.270497
4.6,4.542383
1.4,1.1086646
0.67,1.2174709
2.1,2.5292275
1.18,0.8984498
1.63,1.7448293
2.9,2.5400076
0.76,1.321964
0.3,1.2859354
2.25,1.9306513
0.3,0.80145895
4.3,4.460961
0.28,1.0052296
1.2,1.4229754
2.5,2.77738
4.8,4.590322
4.0,4.441719
4.6,4.6004806
1.0,0.78848666
4.3,4.4593043
2.8,2.8304937
1.6,1.4301951
2.9,2.482581
0.8,1.4319233
1.32,1.2979264
1.35,1.5473406
1.39,1.6110288
1.06,1.1521969
0.67,1.0221924
1.76,1.6595665
1.7,1.9311523
1.64,0.8938032
0.53,0.99881965
0.5,0.7315515
4.6,4.5539656
1.81,1.9198267
0.4,0.8830934
4.7,4.506693
0.8,1.3354816
1.3,1.0619054
1.5,2.2101784
1.9,1.8389151
4.1,4.449017
0.6,0.90272075
1.17,1.082015
1.2,1.0819355
0.3,0.5023962
2.1,2.1582258
0.8,0.98670363
4.2,4.480702
1.9,2.3058908
3.3,3.214295
4.6,4.5359764
0.86,1.0990136
4.5,4.4320784
1.4,1.3505101
4.6,4.5344086
2.7,2.388004
1.6,1.5877106
1.0,1.3827567
1.7,1.7569982
4.2,4.3508835
1.91,1.4214882
1.5,1.1115927
3.8,4.4668045
2.46,1.7999877
2.4,2.131472
0.8,1.0783064
1.42,1.4111944
0.99,1.0691456
1.17,1.340768
1.5,1.6950222
1.4,1.6796721
3.2,2.8236697
1.25,1.2100137
0.43,0.8111594
2.0,1.9413307
1.1,1.1099323
6.0,4.4677362
1.94,1.5692275
2.4,2.2721472
1.66,1.9016646
3.0,2.8265378
1.0,1.0472579
1.7,1.8951213
1.7,1.3643832
1.76,1.2415775
0.48,0.8446885
1.95,0.84593916
2.2,2.7403195
0.83,1.0128559
0.81,1.2367114
1.64,1.8312974
0.32,0.83991116
1.37,0.84101856
2.13,1.5069374
0.6,0.743062
0.89,0.97090167
0.75,1.0268425
1.65,1.3243057
2.8,2.5422451
1.49,0.68460864
2.7,2.5412104
0.0,0.57243884
2.0,1.7329421
4.4,4.360625
1.71,1.4652245
4.6,5.123116
4.4,4.3713903
4.4,4.4831142
1.1,1.142752
0.41,0.6741417
0.9,1.3453503
1.0,1.4253654
4.7,4.5898476
1.41,1.4640987
0.46,1.1392202
1.23,1.362445
4.4,4.443419
4.4,4.388107
0.63,0.79775816
4.3,4.360625
1.3,1.4615296
1.23,0.44984487
2.7,2.7043471
4.5,4.340358
0.42,1.3609473
4.1,4.528646
1.1,1.2641997
1.18,1.8745599
2.3,2.2276425
0.7,0.41531116
2.7,2.7004995
4.9,4.834799
1.58,1.3810537
2.04,2.1722872
0.3,0.67264676
1.0,1.1823887
1.16,0.7315515
1.5,2.725014
1.5,1.1836835
2.8,2.7466886
1.23,1.208096
0.7,1.1905916
0.98,1.0033157
0.6,0.69972855
1.01,1.1699418
2.7,2.7223248
0.61,0.7631984
2.18,1.0281701
2.83,1.16278
4.2,4.3843465
0.47,0.5944729
0.55,0.97223794
2.1,2.2663743
4.3,4.4780827
1.3,1.4525428
1.62,0.7908885
2.8,2.8571289
0.59,1.0044229
0.9,1.0727001
0.59,0.71607023
1.4,1.1126735
4.0,4.3337893
5.6,4.3379784
0.9,1.1929865
0.6,1.5374756
1.47,1.3060659
5.0,4.455573
0.8,1.2119709
1.1,1.7026433
1.37,0.9862774
4.8,4.4239354
1.5,1.2527941
3.9,4.404541
1.69,2.10806
0.1,0.6450261
1.95,1.6531831
0.4,0.5940445
1.4,1.7612361
1.4,1.3563479
0.7,1.0061632
1.0,0.8840699
1.2,1.4119216
1.4,1.3104311
1.5,1.159025
4.5,4.481441
1.5,1.3743951
0.72,0.95970696
1.5,1.7455543
0.76,1.1698186
1.1,1.276551
0.72,1.1373334
0.98,1.1688051
0.4,0.8331251
0.8,0.88671744
3.4,3.215272
2.55,1.2867842
0.9,1.5010127
4.4,4.400476
1.75,1.2858695
4.2,4.478866
1.6,1.327342
4.5,4.6324787
0.95,0.755971
4.5,4.32385
1.3,1.3811637
4.3,4.3545256
0.44,0.515976
0.5,0.6577826
1.5,1.4263448
1.3,1.3811637
1.8,1.9575874
1.48,1.4496015
0.54,0.6398749
0.68,0.46437326
1.1,1.5057704
0.6,0.4594937
1.92,1.4284592
0.4,1.103993
1.34,1.0161686
4.7,4.458217
0.0,0.9942231
1.75,1.0842651
1.11,1.1961787
2.8,2.995724
1.45,1.5261809
2.9,2.9445393
0.9,1.664407
3.5,2.1547134
1.24,0.9699812
2.8,3.235545
1.7,1.8022308
0.25,0.601856
1.64,1.2462376
2.6,1.6457694
1.75,1.0604357
1.8,1.8909259
4.5,4.5986485
3.2,2.8961
1.2,1.8147252
1.4,1.5614014
4.0,4.4725094
1.6,1.3971884
4.3,4.4110312
1.8,1.2430817
1.9,1.6590524
1.2,1.2186027
1.54,0.6716341
0.7,0.9869938
0.8,0.8615042
0.68,0.88675827
1.2,1.2593158
1.0,1.2864598
0.6,0.47555032
1.1,1.4243071
3.6,3.1624317
4.5,4.357371
4.1,4.2721763
1.35,1.3069664
1.0,1.2368586
0.68,0.919446
0.48,0.8351814
1.6,1.5614014
1.19,1.0025742
1.3,1.4191704
0.62,1.2672125
0.75,0.73612297
0.91,0.9674644
1.2,1.2560335
2.4,1.5292647
2.8,1.5864518
1.5,1.6040174
0.3,0.669704
1.03,1.3191106
2.8,2.4413555
0.9,0.817299
4.5,4.6089616
0.5,1.2581617
1.9,1.9698582
0.53,0.55192864
4.8,4.6279073
5.0,4.4397564
2.47,1.0239878
0.96,0.8694331
2.7,2.8027475
0.26,0.5980319
1.64,1.9184254
2.8,2.8790529
1.7,1.7055455
1.3,1.1585183
1.44,1.0381448
0.83,0.72949165
1.24,1.3963394
4.7,4.424435
1.49,0.8052432
1.2,1.3346821
0.3,0.74120885
0.7,0.4761941
0.3,0.66825926
0.8,0.84962505
0.8,1.2139187
0.95,0.9518892
3.3,2.02267
0.1,0.5281387
0.6,0.67651576
4.0,4.4836965
2.12,1.4461101
0.78,1.0366542
0.0,0.7647912
4.3,4.4578266
0.51,0.9482531
4.1,4.372212
2.1,1.5823146
1.82,1.4654701
1.5,1.5014083
1.8,2.0875993
1.23,1.3403575
1.15,0.94974416
0.82,0.83178246
1.8,1.4859202
1.2,1.3968538
0.84,1.2784522
0.72,1.0669492
0.3,1.0190376
4.4,4.4389987
1.6,1.4088476
4.4,4.422696
0.48,1.16364
4.3,4.4830165
1.5,1.6999518
2.8,2.8136375
4.6,4.5458307
4.4,4.543214
1.1,1.6617763
1.7,1.4171278
0.33,0.8774888
1.5,1.5338124
3.3,0.9653854
4.5,4.3377876
4.2,4.3159275
1.02,0.86552227
3.0,2.1078305
1.17,0.7165898
0.7,0.7129531
1.3,1.5643835
1.9,1.8985419
0.4,0.7257509
5.2,4.424147
1.38,0.93934554
3.3,1.7129087
0.6,0.62241024
1.14,1.1309003
4.2,4.3101544
0.8,1.1629332
1.29,1.1900377
4.1,4.256264
0.92,0.6633239
2.5,2.8595417
4.0,4.364254
1.41,0.9810017
1.3,1.4575709
2.5,2.1222327
1.27,0.47252914
1.6,1.4164989
3.6,3.1855996
3.0,2.8264492
2.4,1.7045656
0.7,0.74481255
1.8,2.3647714
3.1,2.8318768
0.8,1.0101321
1.42,1.0601511
2.1,1.7881131
0.53,0.69249165
3.0,2.871878
1.09,0.9837608
2.3,2.260947
4.5,4.4710135
1.5,1.5155954
2.33,1.1484431
0.58,0.8020779
1.4,1.4759604
4.0,4.361953
2.5,2.6079047
2.8,1.5674013
0.75,0.8330179
0.45,1.0373034
3.0,2.7013323
1.0,1.1219803
2.03,1.5410615
4.3,4.4744005
4.0,4.5096264
0.95,1.0669734
0.48,0.71731174
4.1,4.3655324
1.56,1.8666993
1.8,1.6369022
1.3,1.4126774
2.3,2.3488464
1.8,1.7157013
0.5,0.82167846
1.6,1.4377749
4.9,4.5716505
3.1,2.571337
1.73,1.1436427
0.66,0.53370064
0.46,0.6532953
4.2,4.6609945
0.41,0.7182869
0.0,0.45724294
1.7,1.5524046
4.1,4.610293
1.3,1.4833213
2.8,1.7378916
0.66,0.6419642
1.4,1.223146
1.82,1.2392244
1.2,1.1027181
2.0,1.6690052
0.96,0.9744335
3.7,3.0796359
5.1,4.3843403
2.0,1.9714375
0.2,0.43929648
0.24,0.8046647
1.8,1.8360784
2.8,1.9155805
2.04,0.9785115
4.5,4.50577
1.4,1.6384705
0.93,1.2637473
0.87,1.1063712
0.0,0.50172377
0.9,0.81141585
1.28,0.9746616
0.53,1.0615135
1.8,1.8725842
2.8,2.7186635
4.6,4.8624935
0.92,0.9357785
1.2,1.35045
1.4,2.0433059
1.35,1.0738952
1.3,1.4015703
0.25,0.8592569
4.4,4.38502
1.81,1.1460509
4.2,4.520037
4.4,4.3508835
1.0,1.163002
1.1,1.0417888
0.96,0.67977387
0.1,0.43648994
0.57,1.3554413
1.65,0.8623167
0.3,0.43648994
0.5,1.145984
4.5,4.5348573
0.92,0.8532034
1.35,1.9327936
4.1,4.256264
2.5,2.205708
0.5,0.43347073
0.43,0.6682125
1.2,1.1112889
2.2,2.8855808
1.13,0.94339365
2.5,1.9688681
1.51,1.8392549
4.5,4.746557
2.33,0.88958234
0.6,0.78552574
0.69,0.8616673
1.73,1.597661
0.53,0.9487447
1.03,1.5220656
0.75,1.0349892
1.2,1.3387184
1.6,1.4308949
1.2,1.6278337
1.2,1.3912967
1.67,1.3658398
1.2,1.368139
1.3,1.2697496
1.6,2.129052
2.34,1.180111
2.46,1.1747224
1.6,1.6414527
1.1,1.4831648
0.9,1.0056323
2.2,2.3064735
1.9,2.505726
0.7,1.1968162
1.1,1.0327466
0.28,0.82295996
0.6,0.90401655
2.29,1.3617141
1.01,0.9210659
0.7,1.1868821
1.37,1.2154822
1.9,2.7690516
3.1,3.142465
1.5,1.7426928
2.5,1.9374064
1.4,0.6869837
0.8,1.1497518
0.7,1.0071653
4.3,4.596981
5.0,4.8834147
0.7,0.97490144
1.8,1.4311802
0.32,1.0688426
0.5,0.63980013
1.11,1.2456666
0.9,1.1241003
0.44,0.74217105
2.1,2.2945786
1.9,2.1530073
0.99,1.0283409
1.24,1.0363201
0.1,0.7814876
0.0,0.52845967
4.7,4.444074
0.7,0.44612396
1.49,1.3041905
1.1,0.47835526
0.67,1.1342903
4.9,4.477098
0.9,1.3565955
1.6,1.5221369
4.3,4.465524
0.75,0.920137
0.9,1.0633897
0.46,0.56133384
4.7,4.244584
1.29,1.2095569
1.5,1.5207736
0.3,0.91016203
0.86,0.83576614
1.1,1.4286194
1.41,0.8616496
1.3,1.6350708
6.1,4.4223137
3.3,2.7351375
5.4,4.456417
4.4,4.5530753
1.7,1.5325009
1.0,1.1560787
0.2,0.64285064
1.5,0.98525035
1.83,1.2530746
2.9,3.1617663
0.95,0.7597529
4.8,4.5283484
0.98,1.1414647
0.37,0.6624406
4.7,4.4877524
1.28,1.4082617
3.0,1.5847765
0.05,0.9604813
0.0,0.5380316
0.2,0.8517808
3.0,2.7240293
0.71,1.0151379
1.01,0.87954295
0.3,1.1132702
0.7,1.0251162
2.0,1.9907614
1.0,1.3774792
4.6,4.365794
0.87,0.750005
2.0,2.0739841
1.6,1.2336744
1.57,1.0070181
0.6,0.64486635
0.4,0.8228061
1.5,1.3116592
1.2,1.3739275
0.3,0.5557648
1.14,0.97318566
1.8,1.0038936
3.0,2.635127
1.49,1.5247215
2.7,1.2075351
1.8,1.7359613
1.6,1.0138088
2.4,1.3849965
0.72,0.80102146
4.0,2.659584
1.0,1.2159123
3.4,3.4131348
2.6,2.5036256
0.48,0.7225517
0.38,1.1930411
1.21,0.9155385
1.3,1.2970301
2.0,2.3192048
1.41,1.0749054
0.9,0.6619728
4.4,4.596981
1.26,0.9816245
2.4,1.9546815
2.32,1.8015532
1.5,1.8838685
2.5,2.7233157
1.71,1.3002654
1.5,2.0094407
3.1,2.872149
2.6,2.793127
4.0,4.4283676
0.94,1.3443543
0.68,1.008484
0.3,0.71894395
0.51,0.81033564
1.0,1.0516717
0.9,0.41956422
0.56,0.85691315
3.1,1.6155267
1.9,2.1673343
2.9,2.5422451
2.01,2.025234
4.6,4.4930215
2.6,1.2457359
4.2,4.3906393
1.17,1.0997964
1.55,1.2295693
0.3,0.6499998
1.0,0.6678606
1.0,0.98339266
2.5,2.8484576
0.6,0.8841207
1.8,2.0511045
4.8,4.5793743
0.7,0.94769704
4.1,4.5335426
1.0,1.4145696
0.8,1.2505392
1.4,2.4525602
0.8,0.73369753
2.0,1.6259094
1.6,1.0060592
2.9,2.3210368
1.6,1.8743522
0.9,1.3292283
1.2,0.838605
1.09,1.2767074
4.7,4.4750733
0.6,0.8349174
0.77,0.6581223
0.9,0.8270444
1.1,1.3529437
2.7,1.9722513
1.95,1.3419461
1.87,1.3521645
0.62,0.65158063
1.3,1.7201395
2.9,3.1520994
2.4,2.6047323
4.0,4.4068136
1.5,1.7876815
1.8,1.4614027
0.64,1.0161686
1.7,2.0041752
1.4,1.3943864
0.8,1.2820148
3.3,3.2987707
0.11,0.6785088
1.28,0.65158063
0.98,0.8634079
1.67,1.4508893
1.7,2.2330093
0.46,0.90781885
0.76,1.0299106
1.2,1.1085631
2.2,2.520834
0.5,1.3364369
0.0,0.3909044
4.2,4.296411
1.37,0.9335723
0.81,1.0167873
1.1,1.174774
0.97,1.064807
5.1,4.766424
0.15,1.1500653
4.3,4.477534
0.4,0.5196554
4.6,4.256264
0.4,0.83882904
2.4,2.1924143
1.99,1.9716611
1.3,1.4621276
0.8,0.8989364
1.88,1.7985004
1.05,0.7293662
0.53,0.9131124
1.4,1.2631246
2.8,2.4846008
4.5,4.3755136
2.2,1.6891414
1.51,1.0127329
2.6,2.6997833
0.83,1.2192636
0.98,0.89956295
4.5,4.4771767
1.8,2.2603664
1.0,0.81729084
4.5,4.4732428
2.8,1.8652565
1.25,0.5362439
2.6,2.8134148
2.1,1.1794049
1.6,2.0109172
1.3,1.4536753
1.7,1.6548262
1.07,1.062488
4.5,4.8214903
4.7,2.3920026
1.09,1.0047455
0.5,1.2408429
3.7,4.4857635
1.9,1.6916208
1.02,0.5323926
4.4,4.4873743
1.04,1.1720808
1.5,1.3853483
0.74,1.009083
2.5,2.919869
0.89,1.5954901
1.8,2.752795
1.2,1.4575715
0.35,1.0213469
0.46,0.689805
0.3,0.8349174
4.5,4.400665
0.8,1.3676659
2.5,2.854083
0.9,1.267284
0.48,0.9659844
4.3,4.393711
4.5,4.5183296
2.29,1.900515
4.4,4.7818604
1.6,1.550896
0.3,0.9844147
1.1,1.297977
0.87,1.2067038
3.3,3.215272
0.8,1.3280703
1.2,1.4764405
1.0,0.9845886
1.5,0.8380259
0.6,0.8507617
0.9,0.6613336
1.2,1.1625888
0.5,0.65841407
3.52,1.2231914
1.7,2.2317302
2.5,2.7402635
0.58,0.47506443
4.0,4.3588862
2.8,2.384831
2.6,1.0056323
1.62,1.3803428
1.92,1.0046052
2.2,1.5679355
1.08,1.1205122
3.8,1.9209784
0.34,0.87622994
2.5,2.755994
1.1,1.2371536
4.4,4.422894
1.3,1.4789684
2.0,2.2874048
2.5,2.3404126
1.3,1.4751854
0.8,1.1610123
3.1,2.7240293
0.67,1.0244617
0.85,1.1715035
2.08,2.009349
1.04,1.1143969
1.19,0.86256826
4.3,4.530615
4.2,4.4049673
0.98,1.4072238
0.9,1.4442415
2.0,2.405273
1.2,1.4253634
1.8,1.3943864
5.1,4.6447215
4.8,4.400476
0.97,1.2511764
0.5,0.8985571
2.3,1.9551377
0.61,0.66111624
1.53,1.5225301
1.7,1.3322738
0.6,0.7185409
1.9,2.4040105
2.5,2.7773652
5.5,4.769057
0.8,1.7990706
0.26,0.4892974
4.2,4.287965
4.0,4.449017
0.74,0.80131686
1.6,1.4664382
0.6,0.8755584
1.6,1.7324499
0.65,0.90875566
0.53,0.92994106
2.5,2.2263067
1.49,1.3848386
1.0,1.0474749
1.6,1.4117049
0.43,0.84478825
0.8,0.8966795
0.53,0.96107495
0.7,1.2817141
1.13,1.3066807
3.1,3.0492287
1.93,2.1039784
1.32,1.3973235
2.0,2.342733
3.7,4.428797
0.2,0.72954214
0.35,0.64434373
1.3,1.5127132
1.9,2.3571262
1.16,1.2587994
3.0,1.9084284
1.1,1.3731759
1.49,1.1858845
4.4,4.3639207
4.9,4.613469
1.4,1.3617783
1.7,1.5097594
2.1,3.0897858
1.67,1.6791416
0.88,0.97917604
1.2,1.4744347
4.4,4.303994
2.5,1.7022977
1.6,1.4694384
2.87,1.2237716
2.3,1.7817165
1.5,0.7985975
2.6,2.942473
2.1,2.2705793
4.7,4.256264
1.39,1.4585003
4.4,4.452036
1.0,1.3803763
1.88,1.260655
0.86,0.94952935
5.2,4.312684
2.7,1.8561366
0.3,0.4333471
4.4,4.3470545
1.16,1.2027704
1.5,1.9051892
0.73,1.0893381
2.8,1.9525763
0.2,1.0858172
0.3,0.70166844
0.98,0.9326547
0.9,0.838605
3.5,3.215272
0.87,1.4790035
0.87,0.912705
2.8,1.3617675
1.4,1.4354001
1.49,1.3471973
1.1,1.2618499
5.3,4.326051
0.54,0.5468244
2.3,2.0360427
0.06,0.5175699
0.35,0.7623821
3.1,2.7871656
2.2,1.6823405
4.2,4.433485
0.8,0.83823323
1.4,1.1347817
0.69,1.0362785
0.72,1.33736
1.6,1.270874
4.2,2.8553731
1.6,1.5189683
1.9,2.1488307
1.0,0.83993304
0.28,1.2273716
4.6,4.5380096
2.0,2.114431
1.3,1.4613764
4.5,4.399087
4.2,4.347175
0.2,0.57995397
1.2,1.316284
0.87,0.9094552
2.04,1.3722527
0.8,0.5927732
6.6,4.484497
1.5,1.3811637
2.6,1.358964
1.5,1.3861182
0.55,0.9716799
1.2,1.4041829
0.38,0.7845574
0.8,0.5690809
1.69,1.388031
2.4,2.4710858
2.1,2.406685
2.05,1.893403
1.34,0.7995701
1.46,1.1374909
5.0,4.356222
0.9,1.049251
2.02,2.2981799
1.77,1.9359208
0.3,0.9310289
0.98,1.5771184
1.2,0.8349174
0.88,0.9258606
0.88,1.1242032
2.5,2.6316385
0.1,1.0153394
1.78,1.9169493
1.2,1.2552603
2.4,2.61178
1.8,1.3766824
0.95,1.3147358
1.27,1.0076165
2.4,2.386414
1.6,1.1996753
1.2,1.4263448
0.3,0.7601627
0.9,1.2631694
0.8,1.0045307
1.56,1.131085
1.15,1.0716976
2.4,2.5899475
4.7,4.3160105
3.3,2.127443
0.3,0.62702227
0.27,0.53312874
1.65,1.9552215
1.4,1.315113
2.1,1.6187443
0.94,1.8899294
1.3,1.0187826
1.24,0.8459701
2.6,2.0401847
1.7,2.6226385
0.55,0.7643464
1.13,1.1093521
1.52,1.5456442
0.9,1.6553253
1.29,1.4974028
0.8,0.77656305
1.1,1.3104311
0.7,1.1723815
1.8,1.7977054
1.26,0.9400752
0.2,0.41531116
0.5,1.6329844
1.5,1.5802615
5.0,4.53513
2.9,2.7466886
1.95,1.2464384
2.0,2.436279
1.4,1.3996272
2.1,2.010817
4.4,4.451203
1.14,1.4173973
4.4,4.4632974
1.0,1.2193162
1.6,1.8652225
4.4,4.3171353
0.95,1.095458
1.2,1.6769964
1.2,0.8309093
0.6,1.0513905
1.11,1.0462433
0.69,0.94461507
1.83,1.9494357
2.9,2.7777514
0.8,0.43648994
0.5,0.44983897
0.6,0.77467155
1.96,1.4514576
1.14,1.1998818
4.5,4.4098535
4.6,4.3993464
1.8,1.6004684
1.4,1.7892193
1.6,0.93982637
4.3,4.565028
2.7,2.7835522
4.2,4.521086
0.69,0.95352554
1.0,0.7371465
0.8,1.2256198
1.0,1.3573158
1.22,1.0552295
3.3,1.5286336
1.2,1.5450368
3.2,3.0844798
4.2,4.4208765
1.4,1.3705184
1.8,0.9190286
1.03,1.33736
4.4,4.5348573
2.1,2.5213082
0.29,0.6149727
1.47,0.82738703
1.6,1.7536677
1.89,1.404177
2.2,1.278373
1.11,0.510268
0.39,0.8480775
0.56,0.7664234
0.49,1.1411852
2.0,2.0433059
0.59,0.8446446
0.64,1.0362785
2.03,1.6934406
1.27,0.94461507
4.4,4.3813996
1.07,1.2130167
4.4,4.3786235
2.6,2.2369251
2.9,2.8688474
3.0,2.9675498
2.0,2.6457605
2.0,1.6791073
0.46,0.9497382
0.86,0.79190916
2.25,1.9169493
1.4,1.4915341
0.75,0.81372505
1.7,1.4656447
0.6,0.7753341
0.3,0.5700515
4.2,1.977107
2.1,2.0105393
0.61,0.8279505
2.02,1.4958311
4.7,4.5978327
1.18,1.330941
1.1,1.3843486
1.3,1.4353017
0.3,0.8073853
4.2,4.422696
2.28,1.1536798
2.4,1.2857698
1.7,1.438425
0.21,0.77868104
0.8,1.3659784
4.9,4.4565234
3.0,1.7045399
4.4,4.4109206
3.8,3.5575874
4.3,4.312309
2.43,2.001944
1.2,0.79835963
1.83,1.0225459
1.25,1.4805949
1.7,1.7014626
3.8,4.3953776
2.9,2.622038
0.8,0.9326393
1.5,1.3093238
4.8,4.3339887
2.89,2.161546
0.0,0.48226163
2.27,1.893403
1.4,1.73984
0.9,1.0302241
1.8,1.437062
1.1,1.0681583
1.5,3.0001287
4.6,4.4662004
0.49,0.8563519
0.79,0.9040104
2.0,2.239362
1.69,1.3614787
4.7,4.526785
3.4,2.9037268
1.6,1.8306478
1.7,1.8484063
3.1,2.3488464
0.8,1.0545969
0.96,1.0360552
0.97,0.9174567
0.85,1.1711993
0.66,1.2683223
4.3,4.502963
0.15,0.5683171
4.6,4.3818827
0.82,0.83076227
1.2,1.5048068
4.7,4.3149514
1.32,1.7446873
1.4,1.2734327
4.5,4.5034995
1.5,1.394106
2.6,2.7072523
1.6,1.0995992
1.02,0.9335723
1.4,1.3383757
0.06,0.48040104
1.3,1.6362338
0.9,1.2240481
4.0,4.3320622
0.6,1.2239412
0.96,1.0859044
4.4,4.467785
2.8,2.3179755
2.6,2.2483335
2.4,1.6722113
3.3,2.9833517
3.1,2.085822
0.95,0.9415979
1.9,2.0267653
1.68,1.8341308
0.7,0.77677405
3.3,3.3304608
4.2,4.3861203
1.9,2.18583
2.0,0.97355837
2.8,2.9585853
2.1,1.3970991
0.8,1.0079048
1.6,1.8518087
0.62,0.5494914
3.3,3.4743857
0.8,0.8035026
4.4,4.44728
0.53,0.91803586
1.5,1.3541597
1.78,1.4018312
4.4,4.4357977
4.7,4.581439
0.6,0.56340176
1.4,1.3485284
1.29,1.1393644
1.4,1.6267002
1.5,1.4763587
0.76,1.2217077
2.21,1.715563
3.4,3.3963673
0.76,0.9015957
1.65,1.5972497
0.98,0.7679207
2.8,2.2706711
0.7,0.51571494
1.3,0.95965767
1.4,1.3065708
0.09,0.71335286
0.4,0.5713033
0.8,0.99328566
0.96,0.6310068
1.62,1.900515
1.1,1.131964
4.2,4.475755
0.8,0.9488762
1.8,2.083219
4.2,4.3859935
2.2,0.590332
0.9,0.4594937
1.53,1.4228665
0.89,1.3980949
0.93,0.60215974
0.85,1.1927521
4.3,4.5636754
0.75,1.0754677
0.5,1.0078886
0.7,0.42808598
1.2,1.40402
2.4,2.5277987
1.7,1.3591795
1.6,1.4924002
1.3,1.0283965
4.4,4.4159894
1.9,2.23706
1.4,1.7263753
2.1,1.5106516
0.41,0.64293045
2.5,1.76457
0.61,1.0829321
2.28,1.6652725
0.3,0.5944729
1.0,1.1085896
2.61,1.730454
0.7,1.002852
0.8,0.7251045
0.75,1.04953
0.7,0.95813614
0.68,0.9899477
1.4,1.7596194
3.4,2.96802
0.9,1.1394584
4.4,4.318408
2.2,1.6047893
1.65,1.9829015
4.0,4.2381883
0.6,0.72590476
0.98,1.153939
0.6,0.4994481
0.6,1.0342532
2.61,1.138252
1.49,0.9716799
1.4,1.5689366
4.3,4.523323
1.9,1.0486956
2.4,2.650491
0.7,0.9953912
0.5,0.37301707
0.9,0.83735055
1.8,2.083219
0.6,1.4265622
1.3,1.1994966
0.91,1.0005662
1.6,1.5142548
0.3,1.0643858
1.8,0.9279215
1.5,0.6366885
4.9,4.4976797
4.4,4.3278093
2.9,2.326266
1.53,1.365252
1.1,1.3791947
2.7,2.7697575
0.69,0.6613951
4.0,4.3108835
1.85,1.6608449
1.0,1.2085605
0.6,1.0750535
4.5,4.621838
1.09,0.9131124
4.8,4.8583803
0.22,1.0407164
1.58,1.3662368
3.2,2.96802
1.3,1.781446
4.7,4.5148654
0.7,0.9022094
0.61,1.1892682
0.3,0.681737
1.37,1.0776385
1.05,0.81314355
0.63,0.800401
1.3,1.2017603
4.7,4.3450394
4.3,4.427647
1.6,1.8725842
4.5,4.590322
1.5,1.4641489
4.5,4.732681
4.5,4.452505
0.73,1.2779598
2.3,2.3894851
1.3,1.4369653
2.2,2.3234067
4.5,4.4403315
1.3,1.3811637
1.7,0.8349174
0.6,1.392505
0.8,0.7795844
1.3,1.1043769
1.1,1.5917726
1.9,0.9986008
0.1,0.74449927
1.08,0.7662809
0.6,0.58499414
4.2,4.382306
1.0,1.4006426
3.2,2.9187245
0.2,0.6423298
1.2,1.4182341
1.4,1.0740072
1.35,1.459572
0.3,0.70016664
0.24,0.77553624
0.4,0.43890303
0.68,0.8387732
2.0,1.4819185
1.07,1.211176
0.64,1.0120112
1.3,1.1776459
0.67,0.9905859
0.8,1.2427387
1.57,1.9994783
1.1,1.3804476
0.6,0.754936
0.0,0.61341715
2.3,2.514786
1.12,1.3002654
4.4,4.70451
5.6,4.5431933
4.3,4.32198
0.92,0.9760471
0.2,0.9817251
2.7,2.786951
1.56,1.4111944
4.6,4.384628
1.8,1.1043981
3.0,1.8830688
0.7,0.58590627
0.51,0.9400752
1.6,1.3821092
4.3,4.4545445
1.3,1.1319219
0.73,1.00733
0.4,0.65489376
4.2,5.108929
1.2,0.9954433
0.53,0.55329263
1.4,1.7639841
0.6,0.5340683
0.58,0.6989197
0.92,0.66216886
0.45,0.6875954
4.3,4.661915
0.56,0.81704277
1.91,0.6943574
1.7,1.7202116
1.37,1.0316306
2.4,2.24495
0.8,1.194107
4.4,4.577506
0.6,0.6144975
6.3,4.394972
0.83,0.5812952
2.9,2.8203545
1.6,1.271392
1.6,1.4263448
1.07,1.7609223
0.9,0.85449964
2.5,2.0476964
0.9,1.3077385
1.3,1.4703546
0.2,0.7306523
1.7,1.7335967
1.9,1.6893665
0.9,1.0889704
0.69,1.3722527
1.7,1.590549
2.9,2.5719202
4.2,4.6528335
0.66,0.9067154
2.02,2.229975
0.1,0.8375997
1.6,2.1978726
1.2,1.8490171
0.2,0.81921643
4.4,4.938151
1.1,1.4853723
0.88,0.9434959
2.2,1.7070075
2.47,1.0154153
1.8,2.0562446
1.08,1.4053395
1.23,1.0127329
3.0,2.9109464
0.5,0.628518
1.9,2.146293
0.59,1.1644415
1.7,1.5565969
0.7,0.7315875
1.9,1.9551377
4.5,4.622641
0.7,0.55665165
1.4,1.8306478
1.0,1.2432863
5.0,4.612878
1.4,1.3362349
0.33,1.0517979
1.6,1.4545392
0.0,0.42380705
1.9,1.1413573
1.02,1.1778101
1.11,0.9904882
1.8,1.3322738
1.34,1.305595
1.6,1.1311282
4.5,4.256264
0.38,0.6672863
1.01,1.2979264
1.6,1.4451064
0.96,0.95364946
0.7,1.0364865
4.7,4.575663
1.1,1.3183128
4.3,4.555603
0.82,1.4674361
0.65,0.82730854
1.02,1.1971819
0.84,1.0088682
1.8,2.0987847
1.23,1.6054747
0.9,1.0909871
0.46,0.5944729
0.26,0.9089052
2.4,1.8368292
4.8,4.382306
1.26,1.2602618
1.59,1.7977054
1.4,0.9545168
2.04,1.1236042
4.2,4.424623
0.26,0.8616673
0.42,0.72857577
0.57,0.86367244
4.6,4.8697543
4.3,4.3486595
2.4,1.7261631
1.0,1.1253554
0.8,1.0993315
0.5,0.60232264
0.7,1.1681
1.1,1.3821092
2.7,0.99725103
1.0,1.333716
1.39,1.393376
1.27,0.9833758
4.2,4.523323
1.6,2.0562446
1.93,1.9494461
4.5,4.437086
0.7,0.7222341
0.89,0.95687395
1.34,1.352433
1.3,1.4334966
1.7,1.40402
4.5,4.5752697
1.07,0.99730223
0.55,0.94489366
0.18,0.5640205
1.1,1.4561489
3.2,3.2588618
1.2,1.519257
3.4,1.8108076
2.5,1.9189782
0.9,0.97099787
2.3,1.8647834
1.25,0.5880869
0.8,0.663447
0.97,0.55483025
1.29,1.1364881
1.6,1.9563959
1.37,0.9872068
3.0,2.9198883
2.7,1.196988
4.5,4.256264
4.2,4.500376
2.2,2.48709
1.0,1.1454465
4.7,4.7171655
4.1,4.348779
0.53,0.77204096
2.01,2.15724
2.8,2.9653912
3.7,4.4680595
1.6,0.68885195
2.2,2.7810352
1.0,1.1343944
1.51,1.5661571
2.4,2.590791
1.78,1.5537561
2.7,2.8447077
1.7,1.5336249
3.0,2.7031083
0.49,0.93650264
1.48,1.0239171
1.2,1.0701902
1.1,1.0504025
0.98,0.98765326
1.3,1.5611565
4.3,4.6267934
0.6,0.80983007
4.5,4.2992406
5.9,4.382306
1.08,1.4323099
1.2,1.142752
4.2,4.4234
3.9,4.39799
1.6,1.4833213
2.0,2.0133476
3.4,2.8595886
1.9,1.8424404
4.6,4.759934
2.0,2.1437001
0.6,0.63960767
1.6,1.1481838
0.2,0.5717626
4.5,4.4677734
4.5,4.46982
1.95,0.9070884
0.82,0.8060745
0.59,1.0339696
0.81,0.7467819
0.46,0.87696767
0.5,1.1962465
1.8,2.042868
1.6,1.2303231
0.8,0.55171204
0.8,1.0458162
0.59,0.80246407
1.5,1.3831493
0.64,0.53370064
1.3,1.4184188
2.5,2.8139205
1.5,1.4845116
0.9,0.81921643
3.2,3.207899
4.8,4.323852
1.12,1.2689064
4.7,4.6679363
2.1,2.2979777
1.74,2.2576227
0.95,0.8014405
0.7,1.1023253
2.74,1.2075952
1.8,1.5429946
2.2,1.7379663
0.46,0.95304924
1.3,1.2628375
1.19,1.6901052
1.75,1.7085079
1.1,1.3682817
0.91,1.300853
4.4,4.8355265
1.8,2.3382206
0.71,1.2390163
0.43,0.8491939
4.3,4.39998
4.4,4.6697416
1.9,1.4917084
0.51,1.0429637
0.15,0.91016203
4.3,4.4142485
4.5,4.3521657
1.88,0.8609871
0.8,1.2559916
4.2,4.4612985
1.96,1.8906269
0.4,0.77468747
0.18,0.96678126
1.7,1.33318
0.94,1.0963275
4.5,4.446589
1.6,2.8104184
1.1,1.1723815
1.3,1.0345488
0.42,0.83206415
1.1,1.6297245
2.6,1.1476156
2.3,1.3150779
4.4,4.3507776
0.7,0.8285486
2.55,1.7066134
0.03,0.83076227
1.1,1.3463535
4.6,4.3813996
0.64,0.6476294
0.4,0.6746082
4.4,4.5837917
0.87,0.81704277
4.3,4.462256
1.1,1.3896412
1.25,1.3624554
0.7,1.0591217
2.3,1.5730991
0.8,0.7417883
2.1,1.9270248
4.3,4.3239083
5.4,4.5336404
1.6,1.716426
1.8,1.074659
0.9,0.9895336
0.9,1.366964
0.06,0.70199907
0.9,1.3469284
0.3,0.4800651
4.2,4.422894
5.3,4.3761635
1.64,1.9496299
1.1,0.69489217
4.5,4.227079
1.1,0.9180059
0.3,0.6850596
1.3,1.7403777
2.08,1.3467523
1.4,1.3505116
1.7,1.8561366
2.4,2.607272
0.7,1.1951143
2.7,2.9585671
0.31,0.64500207
1.0,1.1723815
2.0,2.2334447
1.32,0.87449676
4.9,4.5123014
2.03,1.4165256
0.8,0.8780753
1.7,1.8839412
0.6,0.543388
4.6,4.399795
0.56,1.2688892
1.61,0.98832595
1.54,1.1598027
2.9,1.3591795
2.2,1.3894862
0.51,0.6393781
0.65,0.65290445
2.9,2.8914742
1.9,2.5973103
0.7,1.2394778
2.8,2.6385667
5.1,4.8697543
4.2,4.433397
2.7,1.0598316
1.06,1.1792396
2.4,2.2145233
0.7,1.0880702
1.46,0.908618
2.3,2.7144895
0.73,1.1450853
1.1,1.6216823
2.05,2.134489
1.42,0.66049325
1.51,1.1350002
0.84,1.144633
0.4,0.8876394
1.5,1.0744232
1.77,1.306371
0.34,1.0926392
1.2,1.5277815
4.3,4.590322
3.7,4.2141824
2.0,1.6737838
0.6,0.64456
2.3,1.8949454
2.0,1.6374865
2.8,2.9950752
1.27,1.169905
4.5,4.5331564
1.2,1.9189236
0.36,0.6480137
1.1,1.0443099
1.8,1.828475
1.17,1.2507141
1.5,1.5498179
1.4,1.7123922
1.45,1.328969
1.6,1.8942515
0.4,0.53970015
1.64,1.2941954
1.1,1.5328314
2.2,2.455359
0.2,0.71688765
4.9,4.5359764
0.5,1.0936394
1.51,1.5182506
3.9,4.3336196
0.56,0.9015354
1.0,1.1216687
1.06,1.4459491
3.1,2.4321306
4.6,4.6466384
1.64,1.6540264
4.7,4.596981
1.2,0.9539651
1.6,1.1723815
0.51,0.800401
0.74,0.97917604
1.3,1.2942287
1.04,1.2340728
1.2,1.2685542
2.4,2.5701287
1.0,1.0177655
1.0,1.6065352
4.7,1.6759514
1.4,1.7639694
1.0,0.8380907
1.5,1.2571903
0.52,1.3140916
1.0,1.3360888
0.76,0.6333199
0.35,0.6773025
4.1,4.5113716
0.43,0.6354484
4.7,4.5451245
0.27,1.1890756
3.7,5.39138
2.5,1.9763849
1.09,1.347379
1.51,0.7885912
4.1,4.3563266
1.1,1.4879155
5.9,4.425803
1.8,2.0700848
3.0,1.9883921
3.2,2.8159478
1.1,0.9706089
0.8,0.9606932
1.16,1.0933867
4.2,2.9529846
2.6,2.7253408
2.7,2.7949789
4.4,4.5040803
0.75,0.6830414
0.61,1.1834435
0.09,0.83993304
1.1,1.4681823
4.1,4.5344086
0.23,0.6353801
3.7,2.4788387
0.1,0.5882811
0.6,0.8931976
0.38,0.7856322
4.9,4.4484906
4.2,4.3257847
4.4,4.3488317
1.96,1.9090987
4.6,4.292153
0.73,0.9187303
4.5,4.595075
4.7,4.417013
2.1,1.6312714
4.3,4.4769254
3.3,1.2870256
1.21,1.1212295
0.2,0.4594937
1.1,1.1030245
0.89,0.9198924
0.2,0.57612133
4.5,4.467031
0.9,1.3183644
1.2,1.3669405
1.08,0.62513834
2.0,2.710009
2.1,1.7175528
1.3,1.5633347
1.64,1.0106432
1.1,1.4674051
0.6,1.0729122
0.72,0.81704277
0.1,0.48603344
1.4,1.9698597
1.08,1.429024
4.3,4.5942554
0.91,0.7158283
0.4,0.69741154
0.37,0.5944729
0.9,1.6088022
0.15,0.7324768
0.7,1.4973876
0.23,0.8190215
1.1,1.5450969
0.94,1.0401301
1.36,1.1751224
4.2,4.319046
5.2,4.319114
4.4,4.616186
1.0,1.3791881
0.63,0.96167105
0.64,0.91754174
0.9,1.4212703
1.29,1.155918
2.4,2.259456
3.2,3.0897858
0.91,0.851293
3.6,2.894008
1.5,1.7068712
1.6,1.9078643
1.8,2.204029
4.9,4.3720236
1.0,1.3418399
1.3,1.7163615
2.4,1.1282867
2.4,2.3258965
1.17,1.1218938
0.5,0.94792265
0.45,0.5457777
1.3,1.4072486
1.8,1.4539598
3.8,4.333578
1.83,1.8884624
0.76,1.0318067
1.8,2.42882
0.79,0.8736114
0.4,0.7928369
1.81,1.1962616
0.46,0.7995701
1.2,1.1138489
2.9,2.2573218
0.83,1.0299392
4.4,4.3524756
1.5,1.4422433
3.4,3.0801184
1.7,1.9311523
2.0,2.6900496
1.5,1.4767369
0.67,0.5628436
1.76,1.4764625
0.69,0.93243617
2.5,2.7289433
0.9,0.98817784
1.0,1.2856791
1.19,1.5981166
1.1,1.3927158
1.55,1.3125676
2.8,3.1473777
0.4,0.56726503
4.4,4.3816066
1.52,1.3763738
0.6,0.6830414
0.76,0.64550847
1.1,0.9815984
4.4,4.547114
1.82,1.9277793
1.9,2.050659
1.03,0.99706095
0.79,1.0296279
0.8,0.89066553
1.12,0.91127056
0.65,1.0320684
4.4,4.4527903
1.6,1.3668866
4.2,4.435749
0.1,0.6029213
2.05,1.595292
4.2,4.3529243
1.0,1.3812026
0.7,0.83220094
3.2,1.5083874
3.4,3.3790343
0.1,0.5065724
4.4,4.2751904
1.3,1.1219803
1.2,1.5928124
2.0,2.2702255
4.3,4.656555
1.6,0.6182056
1.7,2.3359885
2.3,2.830515
1.91,1.4162399
0.51,0.7085589
0.81,1.2273601
1.7,1.7881131
4.4,4.3991594
1.55,1.0686157
0.5,0.5340683
0.59,0.8696121
1.61,0.98841834
1.9,2.3571262
1.4,3.4861796
4.3,4.517198
1.9,2.0562446
1.9,1.5486662
4.6,4.3784866
0.49,0.7315515
3.0,2.8318768
0.68,1.2202271
1.38,1.1195616
2.6,2.715282
1.17,0.9574859
0.24,0.6295293
1.7,1.6254293
0.8,1.1723444
1.3,1.2904665
2.3,2.6522112
0.55,1.1665484
4.7,4.613469
1.96,2.0241325
0.33,1.1968722
4.1,4.3655324
4.8,4.502919
1.2,1.1599193
4.2,4.272058
0.9,1.0645181
1.0,1.5191425
1.04,0.80248797
2.2,2.21016
4.2,4.730722
1.88,1.5917876
1.39,1.0127329
0.92,0.84682417
1.1,1.4730111
0.46,0.745661
0.6,0.609864
1.21,1.211176
2.5,2.0504992
2.0,1.4787567
0.7,1.4215974
2.1,2.1767917
0.4,0.6051244
0.66,0.957602
4.2,4.499555
1.2,1.7180877
3.0,3.0102012
0.2,1.0632062
0.1,0.43686157
1.5,1.433004
1.95,2.1232483
0.3,0.70215577
0.63,0.6741417
0.65,0.90549517
3.0,2.1928253
2.41,0.8326549
0.4,0.37301707
0.15,1.315506
1.02,0.8717028
0.8,0.9768999
2.1,2.2231128
1.2,1.2906535
1.07,1.3641014
3.1,1.5193189
1.6,1.0916209
2.5,2.768919
0.5,0.47427565
0.44,0.8344898
0.28,0.53370064
2.8,2.7108011
1.7,1.5277815
4.4,4.759934
1.3,1.1889575
0.03,0.7274867
2.0,0.9367742
1.6,3.3358297
1.1,0.98447996
5.5,4.374661
1.2,1.2740991
0.8,1.1934494
0.12,0.69310147
1.42,0.82608944
0.51,0.64434373
4.6,4.4822598
2.1,1.2934655
3.8,2.7827075
1.63,2.10806
4.3,4.39226
2.7,2.96802
1.0,1.4447131
4.4,4.295444
1.7,1.2740991
1.47,0.98050594
3.3,2.792245
2.51,0.88602364
2.3,2.2477636
4.3,4.476228
1.4,1.4913276
1.77,2.076196
1.8,1.5093284
0.9,0.74040264
1.52,0.9173107
0.6,0.87753665
3.1,4.278734
0.5,0.76370865
5.2,4.502963
1.57,0.84319866
0.56,0.8989455
3.6,3.4385211
0.4,0.95120734
1.4,1.6261866
2.2,2.1288478
4.1,4.430739
0.52,0.82011443
4.2,4.5543857
2.09,0.92252964
0.5,0.441191
1.58,1.6355798
0.56,0.7480636
1.85,1.2687035
2.0,1.59768
4.3,4.594512
2.1,2.3940372
2.2,1.6576486
1.65,1.862027
1.4,1.3104311
4.8,4.430739
1.1,1.1557434
1.4,1.0305617
0.85,1.0806732
0.9,1.1061037
0.9,1.0124342
0.55,1.3141266
1.67,1.0852331
2.46,1.98743
2.5,0.86278
1.74,2.1138647
1.8,1.4783462
2.3,2.2112405
0.7,0.7353297
1.9,1.3799423
2.3,2.3978827
0.8,1.4883802
1.15,1.2487978
0.69,0.79782915
5.0,4.3855996
3.9,2.2766216
1.0,1.3077385
0.9,0.81141585
1.7,1.6475002
1.9,0.9171686
1.16,1.1943849
1.23,0.9233831
2.5,2.9027412
1.85,1.4301167
4.4,4.3523955
1.2,1.5084972
1.1,1.4716713
4.3,4.3491635
5.1,4.5359764
1.72,1.3968121
0.7,0.6741417
0.1,0.6634028
1.6,1.4981934
2.9,2.787765
1.3,1.2446585
1.39,0.83451444
0.8,1.1239903
1.7,0.559142
1.2,1.3024492
4.5,4.3963304
1.0,1.4074565
4.5,4.4043303
1.18,1.2757268
1.52,1.1154505
4.6,4.422102
1.3,1.3148715
1.0,1.3666646
0.3,0.7068312
1.61,1.5886092
0.96,1.3792516
4.2,4.5064344
0.88,0.9423857
1.5,1.2697496
2.6,2.9597483
1.0,1.177703
3.7,3.5175152
1.87,1.7529742
0.84,0.76902556
0.51,0.72452855
1.2,1.2243507
1.3,1.3577834
0.9,1.0472143
2.5,2.281474
0.8,0.87856764
0.97,1.1319042
1.1,1.2760445
1.1,1.1749159
4.1,1.4980893
1.83,0.834248
0.0,0.80560017
1.04,0.9608133
1.4,1.4384116
0.73,0.8179182
1.54,2.1998222
4.5,4.2730927
1.8,1.9856062
0.2,0.50371784
1.3,1.4203707
1.1,1.5088253
1.3,1.4624407
0.93,0.8318065
0.87,1.2375493
1.7,2.2236917
1.8,1.9221786
3.0,2.7145865
2.6,2.8914742
2.8,1.5040703
5.6,4.397805
0.77,0.9427664
4.3,4.2985573
1.52,1.9327936
1.1,1.1439853
5.1,4.766424
1.9,3.031955
0.2,0.40800223
0.3,0.9002995
1.1,1.385575
1.7,2.3562388
0.8,0.64727604
0.7,0.7002319
3.0,2.9898257
0.6,0.8995679
1.0,0.97000027
2.9,2.3193085
3.7,3.3130758
1.61,1.0911433
1.4,1.7365983
4.4,4.4397564
1.4,1.548079
2.63,1.0139413
0.76,0.81115824
1.3,1.7447672
2.6,1.7462974
1.6,1.7123526
1.6,1.5602207
4.1,4.292153
4.4,4.596981
4.3,4.389499
4.3,4.4440956
1.1,1.3869014
1.5,1.2054684
2.7,3.0203323
1.1,1.1846119
1.7,1.4765227
2.6,2.8184114
0.02,0.567458
0.8,1.1140869
3.7,3.079836
2.44,1.1057869
1.75,1.0577407
0.7,0.61609006
4.3,4.3199453
2.5,2.63614
4.0,4.5297327
4.4,4.3834453
1.1,1.40402
1.3,1.4808166
3.3,1.8996569
1.9,1.7460309
2.59,1.2905493
2.2,1.9160078
5.0,4.5523925
1.16,0.755971
0.5,0.81921643
4.5,4.3824215
2.7,2.2952998
0.85,0.6129683
0.4,0.47957054
1.29,0.96535176
1.7,2.0184703
1.9,1.3397069
0.76,1.136288
0.47,0.631834
3.2,2.2395523
1.9,2.3210368
1.3,0.7028938
1.53,1.6378162
0.7,0.5428021
0.83,0.8247601
1.3,0.97345614
2.2,2.6997833
1.1,1.4455585
1.35,1.0179152
0.83,1.1173093
1.3,1.4060063
1.1,0.628518
0.7,0.91503394
1.03,0.72383344
1.64,1.4480621
0.9,1.3171358
1.3,1.4857842
0.9,1.1937631
0.8,1.1378816
2.8,2.7720814
0.98,0.963772
0.9,0.6820952
1.4,1.4730932
1.21,0.83392113
1.08,0.96082735
0.51,0.7310802
4.0,4.46982
1.1,0.73930585
1.53,0.9931419
1.36,0.7535552
3.0,2.787765
2.0,1.4478565
3.8,2.659142
0.8,1.375877
1.6,1.7311108
1.01,0.8523589
1.5,1.2740991
1.7,1.3734142
1.21,1.0776385
1.7,2.0460067
1.6,1.6285474
0.45,0.9544313
1.47,1.6054747
1.0,1.1219803
0.8,0.63907254
1.57,1.5364513
1.3,1.4964168
1.71,1.3662368
0.53,0.67916846
0.96,1.2848849
1.4,1.1723815
4.7,4.2490954
1.51,1.2840343
1.4,1.6283445
4.5,4.4794145
0.76,1.4003806
1.9,2.4324236
3.2,2.7344816
1.05,1.1247281
4.3,4.3288255
2.06,1.3573437
1.9,1.5928124
0.84,1.0564597
1.17,1.3190075
1.7,1.0058529
0.75,1.0827074
1.68,1.2127657
1.0,2.0022695
1.57,0.7668908
1.2,1.4471694
4.4,4.528773
2.8,3.146425
4.5,4.3823457
4.9,4.704762
0.61,0.5323926
1.5,1.5129946
0.46,0.9436778
1.1,0.6678791
1.7,1.6654049
3.0,2.5513976
3.4,2.771862
1.0,1.3478491
1.24,1.059689
3.9,4.292153
0.88,0.7666843
1.5,1.3724556
0.8,1.117665
4.2,4.414128
2.5,4.07713
4.4,4.5316925
1.4,1.3895934
1.44,1.4182674
1.02,0.99599904
1.8,1.9277793
0.8,0.8257595
1.16,0.96707755
1.1,1.4189364
1.2,0.97601026
3.0,1.6587137
0.14,0.8461517
0.6,0.7870425
0.1,0.48188636
1.36,1.7465396
2.9,2.3507848
2.0,2.3140485
1.4,1.4184681
2.3,2.7043574
1.55,1.883921
0.91,1.0096056
4.9,4.5423326
4.4,4.4181695
0.88,1.0546759
0.55,0.82700455
1.8,1.9638993
0.2,0.5658237
1.8,1.9277793
4.6,4.3823457
0.59,0.7858223
1.07,1.5189873
0.82,1.1631619
2.6,1.8612766
4.3,4.452036
4.3,4.557644
0.43,0.8215597
2.5,2.3103793
1.1,1.1947219
1.86,1.5923865
0.6,0.67643505
0.53,0.81704277
1.99,1.1870153
1.0,0.9700601
0.32,0.75422084
1.1,1.3845261
0.7,1.1537559
4.6,4.411215
0.7,1.1928167
2.5,2.9004674
1.96,0.66952884
1.43,1.0715052
2.8,2.952692
2.9,2.95553
0.2,0.8191649
2.0,2.0857444
1.3,1.0457529
1.7,1.4760665
1.4,1.1194205
0.3,0.9890246
1.01,1.019272
2.0,0.9038246
2.48,1.6543605
4.7,4.6267934
1.07,0.87832385
0.41,0.6129683
4.4,4.452036
1.5,1.2525307
4.2,4.4403315
1.6,1.3803933
2.3,1.457736
2.4,2.340053
1.56,1.7529457
2.79,1.9553907
4.4,4.938914
1.4,1.5706015
1.7,1.9307717
2.2,2.480691
0.36,1.5071008
1.1,1.1219803
0.4,0.52761877
0.99,1.1037216
2.32,1.9883921
1.8,1.7624059
0.5,0.78839475
1.7,1.5429946
0.84,1.4323099
1.73,1.7730573
4.5,4.5461073
4.1,4.4208765
4.4,4.4684067
4.6,4.417545
1.8,1.5850755
4.2,4.5107827
0.87,1.2157824
1.52,1.2353518
1.7,1.0809813
4.5,4.3630548
2.1,2.6149473
4.3,4.418119
1.56,1.4571195
1.35,1.5893141
0.64,1.0519933
2.7,1.7680362
4.4,4.4408503
1.9,2.3018775
4.1,4.3517165
0.2,0.4630502
1.56,1.3635662
4.4,4.307421
0.66,1.0007176
2.7,1.5395948
1.2,1.5055337
4.4,4.576268
7.1,4.3906393
1.94,0.98280865
1.2,1.440421
1.0,1.1772939
4.2,4.455573
1.5,1.0213907
1.78,0.49261183
1.6,1.2461969
3.4,3.4583147
1.13,1.1216687
1.2,1.4181484
0.9,1.6112211
4.7,4.364254
0.84,1.2228783
0.94,0.84622204
0.71,1.595292
4.6,4.3118243
1.6,1.4263448
2.9,2.9178376
2.11,1.0374837
3.8,2.1245089
0.7,1.1193979
0.05,0.43851528
1.35,1.0167307
4.1,4.5067472
4.7,5.0573163
3.41,1.8851075
1.6,1.877261
1.29,1.1427788
4.3,4.330137
0.57,0.9215794
1.28,1.165645
2.27,0.9479137
2.72,2.3842874
1.55,1.4169275
1.2,1.4263448
4.8,4.5431933
1.2,2.2011416
0.8,1.4381206
1.0,0.78001684
1.27,1.2560335
2.0,2.3100984
2.4,1.9811206
0.5,0.60219514
1.7,1.1253836
1.8,1.6436672
1.53,1.6346885
4.5,4.39273
0.04,1.0712329
0.2,0.48460352
4.5,4.4294176
2.1,2.248068
0.84,0.8975679
1.5,1.4872676
0.4,0.68737465
4.9,4.5151505
2.8,1.7787281
1.5,1.4714776
1.1,1.2968918
4.0,4.34597
1.7,1.9379863
1.7,1.7663107
0.51,0.6453697
3.0,2.8241377
0.7,1.1033359
1.47,0.93696237
0.4,1.0281303
1.1,1.4041232
2.6,2.088463
1.3,1.3359603
1.4,1.0616848
1.2,1.3811637
0.75,0.81704277
1.7,1.1082191
4.0,4.3744154
1.04,1.0091822
0.2,0.5709474
1.1,0.8238109
2.62,1.5279812
0.8,0.98013824
1.3,1.5264589
1.5,1.4380238
1.45,1.3581116
0.1,0.5662033
1.1,1.4268498
1.1,1.5633347
4.5,4.5532427
2.87,1.1975387
1.22,1.2604605
1.6,1.3532273
1.7,2.0877905
1.2,1.5852274
1.5,1.4079009
1.74,1.7440035
1.2,1.4006426
1.99,3.0686004
1.2,1.2287946
4.0,4.411731
0.25,1.0143923
0.66,1.1271535
0.6,1.0154734
1.6,1.3535262
0.99,0.8765562
1.0,0.9459147
4.1,4.5059104
1.26,0.67724556
2.3,2.697981
3.4,3.092425
1.2,1.4180226
0.9,0.82293713
0.24,0.4051948
2.8,2.195638
0.9,1.1529009
1.79,1.9277793
4.2,4.4586544
0.95,1.0225459
0.89,1.0585173
0.8,1.0062435
0.1,0.45020288
0.36,0.6476294
0.74,0.69128984
2.3,1.772969
0.3,0.5207397
0.8,0.48165962
4.4,4.6526856
1.8,2.2568266
4.6,4.45462
1.48,1.4111944
0.1,0.46294373
1.9,1.4878181
1.55,1.0133256
1.05,1.6278421
0.95,1.1547203
0.7,0.62419397
3.1,2.8891704
0.83,0.6241378
1.5,0.75196815
1.02,0.6101021
0.9,2.2345378
1.63,1.3259858
0.9,0.9842709
5.1,4.7450347
0.66,0.7686614
1.4,1.5395948
4.5,4.6663017
0.57,0.8208408
5.4,4.5124354
2.7,3.035933
4.1,2.3505962
4.5,4.369441
2.1,2.1854377
4.6,4.494363
0.28,1.0858245
0.9,1.2581106
4.2,4.376917
1.03,1.6561114
0.9,1.0070372
0.9,0.57444155
2.5,2.6277235
1.84,2.1934216
4.6,4.4237747
0.72,0.96707755
4.6,2.9371693
1.0,1.1323967
0.3,0.6471855
2.7,1.9650018
4.4,4.3508835
1.19,0.5932482
4.4,4.588244
0.79,1.072628
1.9,1.3904533
1.4,1.5696231
1.7,2.7150025
0.55,0.94125324
1.6,1.7884768
4.2,4.3823457
4.2,4.3206363
2.8,2.890885
1.9,1.9637558
1.2,1.358683
1.1,1.5455334
0.64,0.8465326
0.7,1.103993
0.59,1.0065489
2.0,1.5457577
0.8,0.97674656
1.14,1.2757268
1.4,1.8259217
0.72,1.00733
4.2,4.43904
0.75,0.6741417
1.7,1.7069143
4.5,4.6135736
1.1,1.4047308
1.06,1.0550193
0.6,1.5410743
1.33,0.98971564
1.6,1.1723815
1.01,0.7096863
1.9,2.4493976
0.16,0.8784274
0.5,0.7792273
0.93,0.95485586
1.94,0.7666843
1.6,1.7699785
2.6,2.182777
1.05,1.5375254
1.0,1.0651512
0.95,0.9264861
0.07,0.75496256
1.17,1.1149815
1.2,1.333716
1.7,1.5030842
4.1,4.59734
1.38,1.3468051
1.7,2.1195867
0.85,0.5932482
0.6,0.48811576
2.6,2.887622
1.87,2.2289052
2.0,1.0062023
1.19,1.3495548
0.9,1.2519686
4.8,4.8355265
2.17,0.800401
1.18,0.9166013
0.86,1.2185966
0.9,1.2286445
0.85,0.67293966
1.13,1.0552295
4.3,4.5801353
1.8,1.3588183
2.5,1.7563317
3.2,2.4813383
0.38,0.73800755
1.53,1.8073322
1.0,1.1259136
0.8,1.4301147
4.2,4.472844
4.5,4.364254
0.0,0.6670743
1.31,1.4263039
0.28,1.0464594
1.21,1.6867687
2.5,1.201683
0.4,0.7472208
0.9,1.3233498
0.4,0.4836742
2.6,2.739456
0.8,1.3468685
0.2,0.42380705
1.52,1.6093143
0.34,0.5309627
6.2,4.5126634
1.64,1.4535818
1.6,1.3668866
0.93,1.0028331
1.1,0.69972855
0.5,0.9888037
1.12,1.1216687
0.41,1.1187824
1.0,0.7492345
1.61,1.4227748
0.8,0.92371935
2.0,2.7639158
2.7,2.5902216
4.2,4.4477296
4.2,4.5432286
1.6,1.8045971
1.8,1.113308
1.3,1.6254367
0.87,0.7677138
0.43,0.89998037
3.2,2.7085247
0.43,0.86867696
4.4,4.41971
0.9,1.2448506
1.0,1.2177657
1.5,1.483039
2.74,0.89298403
2.07,2.2241719
2.7,1.5636805
1.64,1.4429264
0.1,0.7329925
1.4,1.4207515
0.06,0.5362439
1.7,2.0737164
2.4,2.8806462
4.3,4.3953776
1.9,0.8568484
1.4,2.2278013
4.2,4.3655324
2.8,2.9433873
1.3,1.5481591
2.4,2.0370038
4.4,4.586133
1.43,1.6334023
1.93,0.90345156
3.4,2.9745908
0.33,0.8064602
1.9,2.0852215
1.52,1.866812
2.63,2.2161493
0.0,0.7587924
0.9,0.75834423
4.0,4.6770687
2.2,2.3392522
2.0,2.1100667
1.5,1.73984
1.9,2.0486307
1.3,1.5847689
3.29,1.6510746
1.21,1.0322628
0.74,0.9455415
1.32,1.3853302
4.2,4.4071245
1.1,1.2357851
1.27,0.86684567
2.2,2.6985357
1.1,1.7011602
0.67,1.1747438
4.5,4.292153
2.3,2.041946
1.1,1.3467523
4.3,4.5194416
1.96,1.9668443
1.6,2.1450121
1.0,0.7620531
1.3,1.1644841
2.1,1.519257
0.35,0.65089035
1.6,1.5032388
1.46,0.94331914
1.15,1.0577407
4.2,4.520522
1.4,1.4692521
2.1,2.5354066
2.44,1.230952
0.99,1.5019425
4.4,4.319046
2.87,1.6347737
2.5,2.40176
1.02,0.74224967
1.6,1.4419211
4.3,4.525664
4.7,4.6968412
1.1,1.3428679
1.0,1.1550648
0.44,0.5718153
1.1,0.7175594
2.5,2.96802
1.5,1.7006241
0.1,0.6840412
0.9,0.99080056
1.7,1.6374865
1.1,0.88165116
0.85,0.7992786
1.12,1.175862
0.1,0.5397872
0.62,1.2943126
4.4,4.469853
1.2,2.2684894
1.5,1.4865905
1.98,1.6152812
0.66,0.5300507
1.86,1.2305928
1.22,1.0537201
1.88,1.0820777
2.8,2.7557945
1.1,1.5816399
1.1,1.4915341
1.38,1.3831493
1.6,1.6563016
0.97,1.376558
1.12,1.082685
1.1,1.4321469
3.0,2.5178578
1.59,1.33736
2.65,2.4103994
1.5,1.462253
0.6,0.8735518
1.4,1.4266579
4.6,4.375394
0.8,0.9547899
1.85,1.5712168
0.46,0.64550847
0.98,1.0421531
1.71,1.7152953
2.0,1.577843
2.4,2.0822628
1.0,0.56055015
1.4,0.78514075
1.6,2.3491526
4.6,4.5210867
1.89,0.8342896
4.6,4.6088085
1.3,1.800419
1.84,1.8029672
1.5,1.1093321
0.4,1.017831
3.2,2.8924766
2.1,2.4413862
1.63,1.9340954
4.2,4.434857
0.03,0.6528804
4.4,4.5044346
4.2,4.2945895
1.6,1.4535029
2.6,2.7462153
2.24,1.4146025
2.4,1.1451818
3.0,3.2061737
1.5,1.3972521
0.51,0.6387854
0.68,0.97193676
1.6,1.6856408
4.0,4.399795
3.1,2.629765
3.1,2.857395
1.8,2.4252846
4.8,4.613469
2.03,1.5645833
0.36,0.7814769
2.1,1.6796721
0.2,0.5614581
4.2,4.361953
3.2,1.9664541
1.4,1.5542322
1.0,1.3890271
1.5,1.5578303
4.1,4.365315
0.67,0.7955968
1.8,1.6291386
0.64,0.5777748
1.0,1.3014568
4.0,4.3777814
0.8,1.0366876
0.8,0.87771666
2.8,2.8857377
0.18,1.0577407
2.3,2.6747367
4.0,4.4403315
1.4,1.5689366
2.2,2.7720933
0.7,1.7026571
1.1,1.365601
1.0,1.4513675
0.5,0.6129683
3.3,2.8023965
2.6,0.76422846
0.6,0.5869652
0.64,1.2931345
0.91,1.2102263
0.83,0.8686271
1.0,0.5771937
2.0,1.541584
0.93,0.8186232
0.8,1.3047332
1.35,1.2014248
0.43,0.92444956
1.1,1.3337336
0.2,0.6699595
5.5,4.5502687
2.1,1.608584
0.7,1.0191042
0.8,1.3426867
4.5,4.4502625
4.1,4.295444
2.4,1.5585146
1.18,1.2674114
2.3,2.4531822
0.75,0.6102899
1.4,1.831592
1.8,1.1749159
0.63,1.0329086
2.6,2.7381647
2.61,2.0459292
2.1,1.3998839
0.3,0.42694637
0.9,1.4128015
0.43,0.8465326
1.3,1.6446886
3.0,2.7526803
5.0,4.403604
2.62,1.3178494
0.85,0.9718044
0.9,1.0178343
1.3,1.1263655
4.2,4.5758214
2.7,1.1909742
1.2,1.4072486
1.6,1.703379
1.0,1.3172336
5.0,4.332539
0.07,1.4154505
2.2,2.2952998
0.97,1.3098687
4.3,4.354686
0.36,0.6925382
1.2,0.81859994
0.8,1.0215218
4.8,4.589672
4.4,4.5359764
2.3,1.9169409
1.5,1.430217
1.2,1.3927158
0.47,1.0994204
1.27,1.3552586
1.1,1.1219803
0.53,0.99506605
0.87,1.3374171
2.4,1.3921697
2.6,1.0952835
1.42,1.600564
0.33,0.5201884
1.3,1.2244128
0.8,1.7442224
0.74,0.81841815
0.9,1.1642992
1.52,1.4846249
1.12,1.2784374
0.8,0.97343975
1.3,1.5450306
1.02,0.8689774
2.2,2.205708
0.3,0.66095114
0.78,1.4949975
0.36,1.0401758
2.8,2.9238076
1.5,1.9294814
2.92,1.5470641
1.5,1.3104311
2.31,2.2343771
2.5,2.3392522
1.09,1.0404657
0.3,0.8995672
3.1,2.9070673
4.0,4.4710135
1.8,2.1049519
2.8,2.7239635
0.53,0.6824994
1.4,1.1558807
0.94,0.6451976
0.3,0.97184163
0.8,1.2754589
4.2,4.33943
3.0,2.911116
0.79,0.93243617
1.5,1.5689366
3.2,2.6252975
0.84,1.3699633
1.39,1.3848947
2.7,1.970443
3.3,2.0208886
0.17,0.9130689
1.8,1.3677427
1.17,1.520062
0.5,0.5630601
2.7,2.8963578
1.3,1.5653623
1.7,1.4388616
1.25,0.89729756
1.63,1.0287398
0.67,0.7745911
0.62,0.8249934
0.57,0.78984725
0.39,1.0323433
2.43,2.4300807
1.0,1.2610805
1.6,1.3211647
0.6,0.6689239
5.1,4.48756
0.9,1.2404459
1.4,1.683848
0.6,0.6203548
3.6,2.0550067
0.08,0.9247718
4.6,4.613469
1.3,1.4432088
1.18,1.2169657
0.09,0.9619818
1.28,1.0133256
2.3,2.4584186
4.2,4.4248147
2.0,1.3761276
1.09,0.96083623
4.2,4.4208765
5.4,4.3302155
4.8,4.405103
1.78,1.9256243
1.15,1.040065
0.7,1.0026696
1.17,1.3286877
2.7,3.1402576
1.49,1.365252
0.7,0.7753341
0.81,1.1173093
0.86,1.0361657
3.8,2.278997
2.5,2.7777514
0.93,1.0425729
0.26,0.48539713
0.99,1.0299606
4.5,4.256264
0.8,0.70687085
3.2,3.3061078
1.8,1.8569527
1.2,1.3603272
2.34,1.9198147
0.7,0.7572592
1.4,1.5103718
2.9,2.3549051
1.6,1.7639841
0.3,0.5570034
1.2,1.4694874
0.0,0.40300226
2.2,1.8437412
1.5,1.6737838
3.3,1.8530529
1.5,1.5508428
1.86,1.9254094
0.8,0.8349174
4.9,4.8697543
3.3,2.6104958
1.6,1.3812609
1.3,1.5393643
2.3,1.7261631
1.2,1.4470676
0.39,1.0088674
0.61,0.70302755
2.9,2.6656456
3.9,4.347175
1.3,1.1732616
0.51,0.72949165
1.65,1.8369313
0.9,1.0892664
2.7,2.7242403
0.3,0.42380705
4.3,4.358565
2.8,1.9907486
1.92,1.1071512
0.57,0.8083064
4.4,4.6018257
1.47,1.6111432
1.9,1.8804296
4.6,4.405684
4.5,4.652332
0.56,0.51037145
1.98,0.94668674
0.76,0.8109893
4.1,4.325277
0.58,1.0252734
4.3,4.3919044
1.26,1.7222147
4.3,4.520522
0.51,0.5788651
1.1,1.163439
0.67,1.0994018
3.12,2.173537
2.4,2.579533
0.55,0.83405286
2.2,1.0241677
4.0,5.152653
4.6,4.398018
1.8,1.8137213
1.6,1.7197902
1.55,1.9656947
4.8,4.5386415
0.27,0.5588445
3.2,3.227027
0.17,0.53370064
0.78,1.124189
0.1,0.8755584
0.7,1.0370088
1.95,1.9169493
0.5,0.7129531
2.1,1.0464857
0.2,0.65104735
3.1,1.8057736
0.36,0.87713253
2.86,1.1824529
3.0,3.1330016
4.2,4.45569
1.6,1.7713251
1.11,1.2714945
3.3,3.235545
1.6,1.4430962
1.4,1.4054585
1.5,1.3614246
2.8,2.1938944
1.6,1.7105658
0.31,0.62485194
3.1,2.7616558
0.8,1.3898648
0.6,0.6984495
0.23,0.6549903
3.2,2.1484327
0.47,0.6591079
0.88,1.0216403
0.5,0.49812567
0.35,0.7020229
2.18,1.8015187
0.56,0.85585016
1.27,1.3570076
0.14,0.8330179
1.45,1.454249
2.9,1.7059976
1.94,1.9317611
4.9,4.5523925
3.4,1.0563543
1.79,1.6561478
2.0,1.6538827
2.34,1.8725841
3.3,2.96802
4.1,4.1073346
2.8,2.7629523
1.79,1.6701206
2.6,2.4083765
2.0,1.5155742
1.46,1.072628
1.5,0.4281221
0.25,0.5255273
1.33,1.4940464
2.6,1.5771528
0.5,0.74040264
1.68,1.8970228
0.48,0.9648671
0.8,1.4539378
1.8,1.6248043
0.8,1.0045134
0.74,1.0808362
1.5,1.7536677
1.8,1.8166126
0.4,0.64104897
4.6,4.664554
2.6,2.7809584
2.1,2.6295254
3.9,4.471949
1.74,1.6974181
4.3,4.2803245
1.8,1.2970842
1.9,1.5083506
0.71,0.8647289
1.4,1.5284424
0.9,1.1379851
0.5,0.90992963
1.82,1.9277793
1.3,1.191458
3.0,1.9574713
1.7,1.4789684
1.14,0.7995701
0.88,0.6434165
3.0,2.5777295
1.57,1.2593793
1.83,1.5574044
1.4,1.5155001
4.7,4.448698
2.9,3.1352167
1.1,0.78359675
5.0,4.528725
1.9,1.6648089
1.3,1.7858729
1.8,1.2191917
0.8,1.2821038
4.6,4.405684
4.2,4.241667
4.2,4.467614
0.5,0.75234455
1.7,1.6897628
0.83,1.1420525
1.4,2.0852935
1.84,1.3116579
1.14,0.89195913
4.5,4.5244517
1.7,1.8804296
4.5,4.9797797
2.8,3.000338
1.42,1.0178282
2.8,1.6831481
1.21,1.5436871
1.7,0.46294373
0.3,0.41976377
0.1,0.8199327
0.05,0.72774816
0.89,0.9608133
2.5,1.8621424
1.1,1.5633347
4.5,4.3687296
1.9,2.2855525
0.48,0.5932482
2.5,2.9762926
1.0,1.0068752
1.5,1.9601889
1.34,0.86211747
2.9,2.9176083
1.56,1.7775611
4.1,4.351303
3.2,2.8472774
4.3,4.6253357
3.1,3.1421428
0.6,0.9711807
2.39,1.3001957
0.88,1.2002931
1.42,1.7396413
0.3,0.58103967
2.4,1.2296065
1.06,0.78064346
3.0,2.8790529
2.4,2.0960464
0.8,1.048501
2.8,2.2333236
3.8,3.215272
0.99,0.6544911
0.08,0.80543447
0.1,0.5061686
1.62,1.239569
0.5,0.5630601
1.5,3.4981158
0.7,0.590332
1.2,1.1697103
1.2,1.4498036
1.1,1.2781844
2.09,1.9197212
1.6,1.5938419
1.8,2.1653337
4.4,4.3270874
4.2,4.6734443
0.6,0.63490045
4.0,4.5431056
2.25,1.4959247
1.49,1.7775611
4.4,2.614696
4.7,4.403174
4.6,4.332351
5.6,4.5903754
0.4,0.51514447
0.64,1.1699568
1.2,1.4351965
2.9,2.740397
0.88,0.8685336
1.2,1.2989956
4.3,4.4525204
0.6,0.48672983
1.2,1.4880401
0.8,1.1821654
0.88,1.0076165
0.9,1.6452838
2.0,2.4058723
1.2,1.5282845
2.5,2.465014
1.9,1.5673794
0.3,0.63929933
1.5,1.8586061
2.4,1.7668127
1.8,1.2644405
1.4,1.4741694
2.31,1.9423743
2.0,1.8016609
4.5,4.5436254
1.9,1.9819343
1.41,1.0234244
2.0,1.1961787
0.7,0.94068813
1.6,2.496514
0.9,1.0956175
1.02,1.1527997
0.4,0.57445645
0.53,0.7583927
1.1,1.1735284
1.36,1.0131947
0.8,0.6619728
0.3,0.8568484
0.81,1.0036094
1.9,2.3025424
4.4,4.422696
0.85,0.89787775
4.5,4.4930215
2.3,1.9551377
0.8,0.83813804
1.5,1.4703606
5.2,4.426082
0.9,1.3208917
1.6,1.9269847
1.1,1.03695
0.6,0.67356026
1.51,1.9368399
4.4,4.554067
2.1,1.3148715
1.1,1.1277157
1.4,1.9618917
3.0,2.6104958
1.3,1.3626102
2.18,1.4016445
3.0,2.30908
3.2,2.356066
2.7,2.8806462
1.42,0.6739139
1.1,1.138452
0.62,0.7109666
0.6,1.2697496
3.6,2.7777514
0.73,1.2400895
1.11,0.68560237
2.7,2.9429085
1.0,1.3954837
4.4,4.422696
4.8,4.5523925
0.98,1.0056323
1.6,1.142752
1.1,1.2802
1.4,1.3950737
4.7,4.613469
4.4,4.440726
1.19,1.1386999
0.9,0.759329
1.4,1.4036235
0.98,1.0976752
1.5,1.3957226
1.7,1.7571735
2.6,1.0503006
1.6,0.5010589
1.5,1.8525383
0.49,0.83563614
1.2,0.83378667
1.47,0.9281413
2.9,2.7451487
1.1,1.1139306
0.2,1.2107872
4.8,4.6517763
1.0,1.2744796
1.62,1.2950562
1.8,1.9074739
4.7,4.613469
2.43,1.0731775
4.6,4.463323
0.88,0.78147197
4.0,4.4280443
0.49,1.0273908
0.8,0.82697093
1.18,0.8190215
1.6,1.5385438
1.2,1.4899498
1.6,1.3643076
1.75,1.2983875
0.4,1.3960503
4.6,4.3200955
1.6,2.11259
1.1,1.1180335
1.8,2.224122
0.46,0.7746254
2.0,1.5301356
0.8,0.64104897
4.4,4.5285034
1.08,0.96082735
4.2,4.613469
0.9,1.0645181
0.5,1.4987203
1.0,1.2198522
0.8,0.8349174
2.4,1.337189
0.6,0.786345
1.52,1.4706459
0.72,0.59890765
0.48,0.6528804
0.06,1.0128559
2.2,2.2631922
2.1,1.3057728
0.9,1.2357851
2.7,1.9699485
0.9,1.22024
2.9,3.2166219
1.0,0.7639042
1.42,0.58646816
4.5,4.5615582
1.2,1.4355332
4.3,4.472844
4.6,4.742053
0.4,0.8533447
2.5,2.7043579
2.4,2.3606143
1.6,1.161704
1.4,1.3773965
3.4,2.9876919
0.9,1.1435827
0.6,0.9629291
1.39,1.3104448
4.4,4.4884205
2.7,2.7857127
1.05,1.4393911
6.1,4.565055
0.86,1.2002931
2.5,2.8790529
2.0,1.8108076
2.4,1.2614436
2.7,2.8459933
0.7,1.1147697
1.3,1.045952
2.0,1.9825941
1.52,1.9629495
1.4,1.7188178
4.7,4.4649105
4.4,4.4258933
1.1,0.73865443
1.21,1.0308174
0.5,1.025984
1.2,1.1219803
0.5,0.8349174
0.29,0.69068944
1.3,1.6110501
1.73,1.5499669
1.8,1.9277793
0.6,1.1620094
1.9,1.001762
4.7,4.5098968
3.5,4.4999995
2.1,1.408824
1.3,1.4620534
0.36,0.46744466
0.47,0.6891428
1.55,1.8597022
0.54,0.89298403
0.44,0.46606648
0.79,1.1598372
0.96,1.0482308
1.65,1.3554413
0.8,1.2730631
2.09,1.536984
2.23,2.2343771
5.9,5.399513
1.4,1.4672917
2.0,1.5711143
4.15,1.4647717
2.6,2.6063335
1.7,1.4054278
4.2,4.633128
0.55,1.0379478
5.2,4.664554
4.4,4.555603
1.02,0.9833758
0.1,0.50611466
0.38,0.6177166
2.42,1.3795847
1.6,1.9800998
1.77,0.8884162
0.7,0.7994263
2.0,1.6416098
1.4,1.5691842
0.7,0.8743024
0.3,0.78139395
4.4,4.397995
4.5,4.7171655
3.1,2.9903286
0.07,0.8689774
1.24,1.3869505
1.85,1.2805831
2.15,2.01657
0.95,1.1979873
4.5,4.351161
4.9,4.3906393
0.55,0.7943096
5.1,4.4683714
1.06,0.8576471
0.86,0.7943223
0.5,0.7443286
1.44,0.9774262
1.14,1.1942059
1.9,2.1067696
1.06,1.3243057
2.4,1.893403
4.6,4.5591555
0.25,0.5952061
2.0,2.028886
0.9,0.54248923
1.87,2.005137
4.2,4.5959063
4.3,4.289868
0.61,0.61697376
3.1,2.96802
1.2,1.3787643
4.3,4.5188456
4.2,4.333499
0.73,0.8530136
0.43,0.9215615
1.2,1.4325076
0.3,0.47279516
1.07,1.2256919
1.12,1.3659784
3.3,2.7132447
0.6,0.97198874
1.12,1.1733375
0.38,0.7835003
0.77,1.0482308
4.1,4.372921
0.37,0.5457777
1.67,1.3600647
1.5,2.4732552
1.33,1.31055
0.6,0.8437034
0.0,0.47450247
1.5,1.5015266
0.98,1.2418292
0.94,0.99114907
2.49,1.391844
2.2,2.4974222
0.85,1.0402776
2.2,2.8016517
0.33,1.0539744
0.5,0.7104733
2.8,3.1404698
1.56,0.8421779
1.59,1.4111352
0.3,0.6353801
1.6,1.7460309
4.6,4.590322
3.2,3.0544899
1.05,0.9086576
1.2,0.8215019
0.94,1.0208523
1.41,1.0146925
1.6,1.621775
0.8,1.5471417
2.5,2.9176083
0.56,1.055792
4.2,4.3942246
0.83,1.1393644
4.9,4.4154487
0.5,0.65104735
1.1,1.4665235
3.4,3.000338
0.7,1.5120968
1.5,1.4123076
1.2,1.4574959
1.1,1.4054585
1.1,1.0572921
1.8,2.8862019
0.5,0.9138598
3.6,2.716623
1.84,0.86594796
4.4,4.4445553
0.51,1.0006928
0.6,0.96975994
4.5,4.333499
0.6,0.6736208
0.8,0.8517808
0.61,0.73462856
1.0,1.1083459
4.2,4.314095
4.3,4.6559467
1.11,1.6273934
0.59,0.94960433
1.0,0.5962822
0.9,0.69489217
4.4,4.4943194
2.26,0.61191815
0.41,0.45622995
4.2,4.5167985
1.65,1.893403
1.3,1.4088476
1.37,1.5048481
0.6,0.9499791
1.9,2.1330884
0.96,1.039714
4.2,4.3212285
1.03,0.67293966
0.1,0.79092175
1.15,0.797461
1.2,1.2829396
0.8,1.3493216
0.6,0.5412437
0.87,0.9026402
1.1,1.5008116
1.35,0.9935827
1.2,1.4091886
1.2,1.3803933
1.4,0.44544962
1.6,1.4915341
4.6,4.4552116
0.9,1.3947805
3.9,4.5091696
0.6,0.8208555
0.0,0.7264344
0.65,0.76777047
0.17,0.5397872
1.3,1.7069043
0.3,0.59462744
1.2,1.2821038
1.5,1.7785903
0.3,0.5281387
0.95,1.0861026
0.48,0.6805457
1.3,1.2218515
4.3,4.313392
1.64,0.9716799
0.4,0.5748442
4.1,4.405606
2.01,1.7775611
1.8,1.2351198
0.79,0.8265212
0.8,1.2859749
1.5,1.5442263
0.3,0.6145191
0.53,1.2544115
5.1,4.8941684
0.2,0.7633211
4.4,4.558844
0.9,0.8199327
1.1,1.3848205
2.2,2.010817
0.84,1.1337771
0.76,0.52332705
1.87,1.461209
2.9,2.8616297
2.1,2.2617836
4.5,4.3906393
1.4,1.3428679
4.3,4.9240775
0.67,1.33736
1.0,1.1043195
1.3,1.3280703
4.3,4.4318953
1.3,1.5646805
0.53,0.69425625
1.3,1.1524255
0.4,1.0879993
2.7,2.859294
2.6,2.9075766
4.6,4.4109206
4.5,4.5303726
1.6,1.568835
1.7,1.4999603
1.0,1.1193979
0.58,0.96535176
1.7,1.4380085
1.21,1.4297898
2.1,2.317457
0.56,0.6419642
0.84,0.9244077
0.6,0.6558308
4.5,4.4336333
1.36,0.9180059
0.79,0.8593265
1.28,1.3872876
4.9,4.4793963
0.8,1.3880471
2.2,0.8389991
1.2,1.0786397
0.47,0.94960433
1.5,1.5554987
4.1,4.2100844
4.5,4.5522866
1.91,1.0394573
0.81,1.0138221
1.87,1.3456864
1.58,1.130908
0.4,0.3909044
1.4,1.078846
2.21,1.4026731
1.15,1.8577183
4.6,4.536465
4.4,4.601625
1.1,1.4718577
1.0,1.198598
2.56,1.3522407
0.98,1.1156317
4.2,4.5145802
1.1,1.492754
1.77,1.2637473
1.5,1.5158249
1.3,1.4891311
0.88,0.832113
1.81,1.6633047
0.54,1.214006
0.73,0.79856175
2.19,1.5320323
3.9,2.0368197
1.1,1.6451193
0.87,0.6449295
2.5,1.8530529
0.08,0.5913544
1.4,1.512799
1.37,0.9473496
1.1,0.8735518
1.18,1.7148327
0.58,1.1178411
1.1,1.0026323
1.27,1.2952442
4.3,4.356846
0.1,0.622445
2.5,2.7047095
2.2,2.6237626
1.6,1.3395207
0.59,0.800401
0.78,1.0461408
1.1,1.3789873
0.85,1.0143923
4.2,4.452036
1.1,1.3782195
2.6,2.8404655
1.4,1.3171358
0.68,0.60351354
2.3,2.4202223
1.78,1.4275899
1.17,1.7061163
1.01,1.5893141
1.7,1.7258177
4.6,4.306223
1.8,1.9277793
4.4,4.45409
1.4,1.6793748
4.2,4.321318
1.38,1.0103163
4.9,4.3625603
0.6,1.3835688
1.1,1.0601485
1.2,1.3805608
0.79,1.392241
1.99,1.6059787
1.6,1.8000171
4.7,4.4626775
1.35,1.880633
0.56,0.73483044
3.3,1.9613738
0.57,1.0210702
0.59,0.62300444
1.1,1.3836321
1.64,1.5340667
3.8,3.0184145
2.5,2.822939
0.76,0.5480209
1.5,1.0029564
1.51,0.91355586
2.2,2.6708858
1.5,0.69797814
0.66,0.5822765
3.3,2.5651264
0.07,0.5323486
1.68,0.7471971
4.4,4.3508835
0.71,0.7645238
2.4,2.6019802
2.5,2.224175
1.1,1.8796017
1.37,1.693991
0.9,0.9942231
4.5,4.508909
0.42,0.98126197
0.72,1.0943742
1.36,1.4072486
0.5,0.738014
2.7,2.6412497
1.3,0.9707218
1.58,0.7701711
0.39,0.576248
0.92,0.90275973
2.5,2.5881376
0.92,0.86455685
2.6,3.027878
2.0,2.0929704
4.2,4.4683714
1.76,1.1289885
2.1,2.955442
5.1,4.837816
0.56,0.6500271
0.9,1.001862
1.18,1.3164915
1.3,1.3712807
1.0,1.146431
4.5,4.3455105
1.6,1.7368749
0.58,0.8083064
0.43,0.93361485
0.16,0.64606714
2.6,2.8373346
1.6,1.4088476
1.2,1.4060063
1.63,1.1968722
1.32,1.3131807
1.5,1.8000171
1.09,1.3352846
3.3,3.4124672
4.7,2.5436034
0.65,0.8246417
2.8,2.971413
0.56,0.5944729
1.3,1.5600735
3.3,2.9529846
0.48,0.98085916
1.78,0.9429956
1.2,1.4237007
1.3,1.4033864
0.8,1.0615441
4.3,4.367423
2.3,1.1503549
2.3,2.5020971
1.78,1.9410951
4.4,4.233342
0.46,0.70308596
0.7,1.6373758
2.2,1.868684
1.05,1.4026731
3.4,3.45465
0.15,0.65161264
4.7,4.5833097
1.2,1.4197835
2.0,1.7422878
1.13,1.1761413
5.1,4.554166
1.1,1.1194205
